{"mc2":{"mcdata0":{"zi":0,"url":"im::level43","y":"-257.9","x":"428"},"name":"map2_3","mcdata6":{"zi":6,"url":"im::level49","y":"-971.3","x":"303.85"},"mcdata1":{"zi":1,"url":"im::level44","y":"-323.55","x":"259.9"},"mcdata15":{"zi":15,"url":"im::level58","y":"-2246.8","x":"225.9"},"mcdata13":{"zi":13,"url":"im::level56","y":"-1968.95","x":"543.8"},"mcdata7":{"zi":7,"url":"im::level50","y":"-1091.25","x":"477.8"},"mcdata2":{"zi":2,"url":"im::level45","y":"-419.5","x":"109.95"},"mcdata10":{"zi":10,"url":"im::level53","y":"-1433.15","x":"283.9"},"mcdata12":{"zi":12,"url":"im::level55","y":"-1695.05","x":"235.9"},"mcdata8":{"zi":8,"url":"im::level51","y":"-1249.2","x":"621.75"},"mcdata17":{"zi":17,"url":"im::level60","y":"-2506.75","x":"523.8"},"mcdata3":{"zi":3,"url":"im::level46","y":"-623.45","x":"167.95"},"mcdata16":{"zi":16,"url":"im::level59","y":"-2434.75","x":"337.85"},"mcdata14":{"zi":14,"url":"im::level57","y":"-2126.9","x":"411.85"},"mcdata9":{"zi":9,"url":"im::level52","y":"-1379.15","x":"465.8"},"mcdata18":{"zi":18,"url":"im::level61","y":"-2678.7","x":"557.75"},"mcdata4":{"zi":4,"url":"im::level47","y":"-731.4","x":"325.85"},"mcdata11":{"zi":11,"url":"im::level54","y":"-1537.1","x":"113.95"},"mcdata5":{"zi":5,"url":"im::level48","y":"-837.35","x":"467.8"}},"mc1":{"mcdata0":{"zi":0,"url":"im::level22","y":"-271.9","x":"395.85"},"name":"map2_2","mcdata6":{"zi":6,"url":"im::level28","y":"-973.3","x":"299.85"},"mcdata1":{"zi":1,"url":"im::level23","y":"-335.55","x":"223.9"},"mcdata15":{"zi":15,"url":"im::level37","y":"-1962.95","x":"543.8"},"mcdata13":{"zi":13,"url":"im::level35","y":"-1741","x":"303.85"},"mcdata7":{"zi":7,"url":"im::level29","y":"-1087.25","x":"489.8"},"mcdata2":{"zi":2,"url":"im::level24","y":"-473.5","x":"91.95"},"mcdata10":{"zi":10,"url":"im::level32","y":"-1409.15","x":"355.85"},"mcdata12":{"zi":12,"url":"im::level34","y":"-1643.05","x":"139.95"},"mcdata8":{"zi":8,"url":"im::level30","y":"-1195.2","x":"629.75"},"mcdata17":{"zi":17,"url":"im::level39","y":"-2212.85","x":"275.9"},"mcdata3":{"zi":3,"url":"im::level25","y":"-651.45","x":"191.9"},"mcdata20":{"zi":20,"url":"im::level42","y":"-2670.65","x":"563.8"},"mcdata16":{"zi":16,"url":"im::level38","y":"-2114.9","x":"427.85"},"mcdata14":{"zi":14,"url":"im::level36","y":"-1807","x":"455.8"},"mcdata9":{"zi":9,"url":"im::level31","y":"-1347.15","x":"523.8"},"mcdata18":{"zi":18,"url":"im::level40","y":"-2346.8","x":"189.9"},"mcdata4":{"zi":4,"url":"im::level26","y":"-741.4","x":"367.85"},"mcdata19":{"zi":19,"url":"im::level41","y":"-2458.75","x":"459.8"},"mcdata11":{"zi":11,"url":"im::level33","y":"-1463.1","x":"189.9"},"mcdata5":{"zi":5,"url":"im::level27","y":"-863.35","x":"465.8"}},"mc3":{"mcdata0":{"zi":0,"url":"im::level62","y":"-249.95","x":"449.85"},"mcdata21":{"zi":21,"url":"im::level83","y":"-2674.65","x":"557.75"},"name":"map2_4","mcdata6":{"zi":6,"url":"im::level68","y":"-975.3","x":"293.85"},"mcdata1":{"zi":1,"url":"im::level63","y":"-329.55","x":"257.9"},"mcdata15":{"zi":15,"url":"im::level77","y":"-1960.95","x":"543.8"},"mcdata13":{"zi":13,"url":"im::level75","y":"-1733","x":"285.9"},"mcdata7":{"zi":7,"url":"im::level69","y":"-1089.3","x":"445.85"},"mcdata2":{"zi":2,"url":"im::level64","y":"-431.5","x":"117.95"},"mcdata10":{"zi":10,"url":"im::level72","y":"-1415.15","x":"331.9"},"mcdata12":{"zi":12,"url":"im::level74","y":"-1653.05","x":"143.95"},"mcdata8":{"zi":8,"url":"im::level70","y":"-1165.25","x":"605.75"},"mcdata17":{"zi":17,"url":"im::level79","y":"-2200.85","x":"313.9"},"mcdata3":{"zi":3,"url":"im::level65","y":"-625.45","x":"161.95"},"mcdata20":{"zi":20,"url":"im::level82","y":"-2488.75","x":"511.8"},"mcdata16":{"zi":16,"url":"im::level78","y":"-2100.9","x":"451.85"},"mcdata14":{"zi":14,"url":"im::level76","y":"-1809","x":"443.8"},"mcdata9":{"zi":9,"url":"im::level71","y":"-1351.2","x":"519.8"},"mcdata18":{"zi":18,"url":"im::level80","y":"-2318.8","x":"185.9"},"mcdata4":{"zi":4,"url":"im::level66","y":"-727.4","x":"315.9"},"mcdata19":{"zi":19,"url":"im::level81","y":"-2434.75","x":"333.85"},"mcdata11":{"zi":11,"url":"im::level73","y":"-1495.1","x":"151.95"},"mcdata5":{"zi":5,"url":"im::level67","y":"-851.35","x":"465.8"}},"mc0":{"mcdata0":{"zi":0,"url":"im::level1","y":"-255.9","x":"433.8"},"name":"map2_1","mcdata6":{"zi":6,"url":"im::level7","y":"-991.3","x":"267.9"},"mcdata1":{"zi":1,"url":"im::level2","y":"-329.55","x":"261.9"},"mcdata15":{"zi":15,"url":"im::level16","y":"-2068.9","x":"471.8"},"mcdata13":{"zi":13,"url":"im::level14","y":"-1773","x":"395.85"},"mcdata7":{"zi":7,"url":"im::level8","y":"-1093.3","x":"465.8"},"mcdata2":{"zi":2,"url":"im::level3","y":"-443.5","x":"99.95"},"mcdata10":{"zi":10,"url":"im::level11","y":"-1419.15","x":"331.85"},"mcdata12":{"zi":12,"url":"im::level13","y":"-1687","x":"201.9"},"mcdata8":{"zi":8,"url":"im::level9","y":"-1199.25","x":"619.75"},"mcdata17":{"zi":17,"url":"im::level18","y":"-2328.8","x":"191.9"},"mcdata3":{"zi":3,"url":"im::level4","y":"-633.45","x":"171.9"},"mcdata20":{"zi":20,"url":"im::level21","y":"-2690.7","x":"563.75"},"mcdata16":{"zi":16,"url":"im::level17","y":"-2200.85","x":"307.9"},"mcdata14":{"zi":14,"url":"im::level15","y":"-1892.95","x":"531.8"},"mcdata9":{"zi":9,"url":"im::level10","y":"-1357.2","x":"507.8"},"mcdata18":{"zi":18,"url":"im::level19","y":"-2438.75","x":"371.85"},"mcdata4":{"zi":4,"url":"im::level5","y":"-731.4","x":"341.85"},"mcdata19":{"zi":19,"url":"im::level20","y":"-2506.75","x":"539.8"},"mcdata11":{"zi":11,"url":"im::level12","y":"-1491.15","x":"145.95"},"mcdata5":{"zi":5,"url":"im::level6","y":"-887.35","x":"455.8"}},"mc4":{"mcdata0":{"zi":0,"url":"im::level84","y":"-241.9","x":"456"},"name":"map2_5","mcdata6":{"zi":6,"url":"im::level90","y":"-963.3","x":"289.9"},"mcdata1":{"zi":1,"url":"im::level85","y":"-319.5","x":"287.9"},"mcdata15":{"zi":15,"url":"im::level99","y":"-2092.9","x":"461.8"},"mcdata13":{"zi":13,"url":"im::level97","y":"-1757","x":"355.85"},"mcdata7":{"zi":7,"url":"im::level91","y":"-1079.25","x":"447.85"},"mcdata2":{"zi":2,"url":"im::level86","y":"-423.5","x":"119.95"},"mcdata10":{"zi":10,"url":"im::level94","y":"-1425.15","x":"309.85"},"mcdata12":{"zi":12,"url":"im::level96","y":"-1675.05","x":"173.9"},"mcdata8":{"zi":8,"url":"im::level92","y":"-1221.2","x":"623.75"},"mcdata3":{"zi":3,"url":"im::level87","y":"-591.4","x":"133.95"},"mcdata16":{"zi":16,"url":"im::level100","y":"-2204.85","x":"309.9"},"mcdata14":{"zi":14,"url":"im::level98","y":"-1906.95","x":"531.8"},"mcdata9":{"zi":9,"url":"im::level93","y":"-1371.15","x":"485.8"},"mcdata4":{"zi":4,"url":"im::level88","y":"-711.4","x":"299.9"},"mcdata11":{"zi":11,"url":"im::level95","y":"-1515.1","x":"141.95"},"mcdata5":{"zi":5,"url":"im::level89","y":"-837.3","x":"473.8"}}}