{"mc3":{"name":"map3_4","mcdata17":{"zi":17,"url":"im::level94","y":"-1599.05","x":"411.85"},"mcdata4":{"zi":4,"url":"im::level81","y":"-501.5","x":"579.8"},"mcdata20":{"zi":20,"url":"im::level97","y":"-1882.95","x":"647.75"},"mcdata15":{"zi":15,"url":"im::level92","y":"-1994.9","x":"459.8"},"mcdata14":{"zi":14,"url":"im::level91","y":"-1984.9","x":"143.95"},"mcdata19":{"zi":19,"url":"im::level96","y":"-1713","x":"635.75"},"mcdata5":{"zi":5,"url":"im::level82","y":"-637.5","x":"513.8"},"mcdata8":{"zi":8,"url":"im::level85","y":"-961.35","x":"85.95"},"mcdata2":{"zi":2,"url":"im::level79","y":"-287.55","x":"137.95"},"mcdata1":{"zi":1,"url":"im::level78","y":"-149.6","x":"227.9"},"mcdata23":{"zi":23,"url":"im::level100","y":"-2284.8","x":"435.85"},"mcdata9":{"zi":9,"url":"im::level86","y":"-1169.2","x":"143.95"},"mcdata3":{"zi":3,"url":"im::level80","y":"-407.55","x":"343.85"},"mcdata7":{"zi":7,"url":"im::level84","y":"-879.35","x":"401.85"},"mcdata22":{"zi":22,"url":"im::level99","y":"-2180.85","x":"529.8"},"mcdata0":{"zi":0,"url":"im::level77","y":"-105.95","x":"383.85"},"mcdata16":{"zi":16,"url":"im::level93","y":"-1703","x":"327.85"},"mcdata13":{"zi":13,"url":"im::level90","y":"-1821","x":"79.95"},"mcdata18":{"zi":18,"url":"im::level95","y":"-1611.05","x":"531.8"},"mcdata12":{"zi":12,"url":"im::level89","y":"-1663.05","x":"99.95"},"mcdata11":{"zi":11,"url":"im::level88","y":"-1457.1","x":"345.85"},"mcdata10":{"zi":10,"url":"im::level87","y":"-1335.15","x":"503.8"},"mcdata6":{"zi":6,"url":"im::level83","y":"-799.4","x":"665.75"},"mcdata21":{"zi":21,"url":"im::level98","y":"-2050.9","x":"611.75"}},"mc1":{"name":"map3_2","mcdata17":{"zi":17,"url":"im::level44","y":"-1581.1","x":"439.85"},"mcdata4":{"zi":4,"url":"im::level31","y":"-503.45","x":"589.75"},"mcdata20":{"zi":20,"url":"im::level47","y":"-2056.9","x":"593.75"},"mcdata15":{"zi":15,"url":"im::level42","y":"-1988.95","x":"461.8"},"mcdata14":{"zi":14,"url":"im::level41","y":"-1984.95","x":"141.95"},"mcdata19":{"zi":19,"url":"im::level46","y":"-1883","x":"639.75"},"mcdata5":{"zi":5,"url":"im::level32","y":"-625.45","x":"511.8"},"mcdata8":{"zi":8,"url":"im::level35","y":"-959.3","x":"91.95"},"mcdata2":{"zi":2,"url":"im::level29","y":"-309.55","x":"151.9"},"mcdata1":{"zi":1,"url":"im::level28","y":"-151.6","x":"221.9"},"mcdata23":{"zi":23,"url":"im::level50","y":"-2528.75","x":"533.8"},"mcdata9":{"zi":9,"url":"im::level36","y":"-1183.25","x":"149.95"},"mcdata3":{"zi":3,"url":"im::level30","y":"-399.5","x":"349.85"},"mcdata7":{"zi":7,"url":"im::level34","y":"-887.35","x":"397.85"},"mcdata22":{"zi":22,"url":"im::level49","y":"-2350.8","x":"419.85"},"mcdata0":{"zi":0,"url":"im::level27","y":"-101.95","x":"383.85"},"mcdata16":{"zi":16,"url":"im::level43","y":"-1693","x":"333.85"},"mcdata13":{"zi":13,"url":"im::level40","y":"-1827","x":"71.95"},"mcdata18":{"zi":18,"url":"im::level45","y":"-1687.05","x":"611.75"},"mcdata12":{"zi":12,"url":"im::level39","y":"-1643.05","x":"99.95"},"mcdata11":{"zi":11,"url":"im::level38","y":"-1457.15","x":"333.85"},"mcdata10":{"zi":10,"url":"im::level37","y":"-1329.2","x":"501.8"},"mcdata6":{"zi":6,"url":"im::level33","y":"-777.4","x":"657.75"},"mcdata21":{"zi":21,"url":"im::level48","y":"-2196.85","x":"499.8"}},"mc0":{"name":"map3_1","mcdata17":{"zi":17,"url":"im::level18","y":"-1860.95","x":"209.9"},"mcdata4":{"zi":4,"url":"im::level5","y":"-749.4","x":"669.75"},"mcdata20":{"zi":20,"url":"im::level21","y":"-2090.9","x":"243.9"},"mcdata24":{"zi":24,"url":"im::level25","y":"-2378.8","x":"615.75"},"mcdata15":{"zi":15,"url":"im::level16","y":"-1555.05","x":"151.95"},"mcdata14":{"zi":14,"url":"im::level15","y":"-1475.1","x":"289.9"},"mcdata19":{"zi":19,"url":"im::level20","y":"-1910.95","x":"641.75"},"mcdata5":{"zi":5,"url":"im::level6","y":"-895.35","x":"537.8"},"mcdata8":{"zi":8,"url":"im::level9","y":"-797.4","x":"87.95"},"mcdata2":{"zi":2,"url":"im::level3","y":"-523.5","x":"423.85"},"mcdata1":{"zi":1,"url":"im::level2","y":"-405.55","x":"331.85"},"mcdata23":{"zi":23,"url":"im::level24","y":"-2254.85","x":"489.8"},"mcdata9":{"zi":9,"url":"im::level10","y":"-977.3","x":"85.95"},"mcdata3":{"zi":3,"url":"im::level4","y":"-599.45","x":"601.75"},"mcdata7":{"zi":7,"url":"im::level8","y":"-659.45","x":"247.9"},"mcdata22":{"zi":22,"url":"im::level23","y":"-2368.8","x":"353.85"},"mcdata0":{"zi":0,"url":"im::level1","y":"-225.9","x":"327.85"},"mcdata16":{"zi":16,"url":"im::level17","y":"-1725","x":"87.95"},"mcdata13":{"zi":13,"url":"im::level14","y":"-1419.15","x":"427.85"},"mcdata18":{"zi":18,"url":"im::level19","y":"-1645.05","x":"449.8"},"mcdata12":{"zi":12,"url":"im::level13","y":"-1259.2","x":"481.8"},"mcdata11":{"zi":11,"url":"im::level12","y":"-1209.2","x":"331.85"},"mcdata10":{"zi":10,"url":"im::level11","y":"-1125.25","x":"181.9"},"mcdata25":{"zi":25,"url":"im::level26","y":"-2546.7","x":"547.8"},"mcdata6":{"zi":6,"url":"im::level7","y":"-747.4","x":"363.85"},"mcdata21":{"zi":21,"url":"im::level22","y":"-2282.8","x":"197.9"}},"mc2":{"name":"map3_3","mcdata17":{"zi":17,"url":"im::level68","y":"-1862.95","x":"211.9"},"mcdata4":{"zi":4,"url":"im::level55","y":"-671.4","x":"647.75"},"mcdata20":{"zi":20,"url":"im::level71","y":"-2094.9","x":"243.9"},"mcdata24":{"zi":24,"url":"im::level75","y":"-2400.75","x":"617.75"},"mcdata15":{"zi":15,"url":"im::level66","y":"-1563.05","x":"133.95"},"mcdata14":{"zi":14,"url":"im::level65","y":"-1487.1","x":"267.9"},"mcdata19":{"zi":19,"url":"im::level70","y":"-1934.95","x":"639.75"},"mcdata5":{"zi":5,"url":"im::level56","y":"-895.35","x":"537.8"},"mcdata8":{"zi":8,"url":"im::level59","y":"-815.35","x":"87.95"},"mcdata2":{"zi":2,"url":"im::level53","y":"-459.5","x":"361.85"},"mcdata1":{"zi":1,"url":"im::level52","y":"-311.55","x":"311.85"},"mcdata23":{"zi":23,"url":"im::level74","y":"-2262.8","x":"513.8"},"mcdata9":{"zi":9,"url":"im::level60","y":"-973.3","x":"89.95"},"mcdata3":{"zi":3,"url":"im::level54","y":"-573.45","x":"517.8"},"mcdata7":{"zi":7,"url":"im::level58","y":"-663.4","x":"255.9"},"mcdata22":{"zi":22,"url":"im::level73","y":"-2372.8","x":"357.85"},"mcdata0":{"zi":0,"url":"im::level51","y":"-151.95","x":"363.85"},"mcdata16":{"zi":16,"url":"im::level67","y":"-1739","x":"93.95"},"mcdata13":{"zi":13,"url":"im::level64","y":"-1423.15","x":"421.85"},"mcdata18":{"zi":18,"url":"im::level69","y":"-1643.05","x":"447.8"},"mcdata12":{"zi":12,"url":"im::level63","y":"-1269.2","x":"495.8"},"mcdata11":{"zi":11,"url":"im::level62","y":"-1207.2","x":"333.85"},"mcdata10":{"zi":10,"url":"im::level61","y":"-1133.25","x":"185.95"},"mcdata25":{"zi":25,"url":"im::level76","y":"-2548.7","x":"549.8"},"mcdata6":{"zi":6,"url":"im::level57","y":"-741.4","x":"363.85"},"mcdata21":{"zi":21,"url":"im::level72","y":"-2280.8","x":"197.9"}}}