{"mc4":{"mcdata10":{"url":"im::level91","y":"-1411.15","zi":10,"x":"521.8"},"mcdata0":{"url":"im::level81","y":"-177.9","zi":0,"x":"153.95"},"mcdata19":{"url":"im::level100","y":"-2350.8","zi":19,"x":"407.85"},"name":"map4_5","mcdata14":{"url":"im::level95","y":"-1960.95","zi":14,"x":"213.95"},"mcdata6":{"url":"im::level87","y":"-759.35","zi":6,"x":"249.85"},"mcdata1":{"url":"im::level82","y":"-207.5","zi":1,"x":"359.9"},"mcdata18":{"url":"im::level99","y":"-2264.8","zi":18,"x":"567.8"},"mcdata11":{"url":"im::level92","y":"-1529.1","zi":11,"x":"375.8"},"mcdata7":{"url":"im::level88","y":"-959.3","zi":7,"x":"235.85"},"mcdata2":{"url":"im::level83","y":"-181.55","zi":2,"x":"557.8"},"mcdata17":{"url":"im::level98","y":"-2092.9","zi":17,"x":"601.75"},"mcdata8":{"url":"im::level89","y":"-1071.25","zi":8,"x":"407.9"},"mcdata12":{"url":"im::level93","y":"-1583.1","zi":12,"x":"209.85"},"mcdata3":{"url":"im::level84","y":"-379.45","zi":3,"x":"599.75"},"mcdata15":{"url":"im::level96","y":"-1886.9","zi":15,"x":"391.9"},"mcdata16":{"url":"im::level97","y":"-1914.95","zi":16,"x":"565.8"},"mcdata9":{"url":"im::level90","y":"-1229.25","zi":9,"x":"521.8"},"mcdata4":{"url":"im::level85","y":"-567.35","zi":4,"x":"567.8"},"mcdata13":{"url":"im::level94","y":"-1771.05","zi":13,"x":"141.9"},"mcdata5":{"url":"im::level86","y":"-691.35","zi":5,"x":"435.8"}},"mc0":{"mcdata10":{"url":"im::level11","y":"-1513.05","zi":10,"x":"437.9"},"mcdata0":{"url":"im::level1","y":"-195.9","zi":0,"x":"167.9"},"mcdata19":{"url":"im::level20","y":"-2426.75","zi":19,"x":"251.95"},"name":"map4_1","mcdata14":{"url":"im::level15","y":"-1914.95","zi":14,"x":"347.85"},"mcdata6":{"url":"im::level7","y":"-865.35","zi":6,"x":"215.85"},"mcdata1":{"url":"im::level2","y":"-201.9","zi":1,"x":"375.85"},"mcdata18":{"url":"im::level19","y":"-2358.8","zi":18,"x":"413.85"},"mcdata11":{"url":"im::level12","y":"-1561.05","zi":11,"x":"251.95"},"mcdata7":{"url":"im::level8","y":"-1047.3","zi":7,"x":"325.9"},"mcdata2":{"url":"im::level3","y":"-265.55","zi":2,"x":"587.75"},"mcdata17":{"url":"im::level18","y":"-2252.8","zi":17,"x":"569.75"},"mcdata8":{"url":"im::level9","y":"-1159.25","zi":8,"x":"477.85"},"mcdata12":{"url":"im::level13","y":"-1701.05","zi":12,"x":"143.95"},"mcdata3":{"url":"im::level4","y":"-477.45","zi":3,"x":"597.75"},"mcdata15":{"url":"im::level16","y":"-1886.95","zi":15,"x":"529.8"},"mcdata16":{"url":"im::level17","y":"-2056.9","zi":16,"x":"601.75"},"mcdata9":{"url":"im::level10","y":"-1343.1","zi":9,"x":"531.8"},"mcdata4":{"url":"im::level5","y":"-649.4","zi":4,"x":"505.85"},"mcdata13":{"url":"im::level14","y":"-1898.95","zi":13,"x":"167.9"},"mcdata5":{"url":"im::level6","y":"-725.35","zi":5,"x":"325.9"}},"mc3":{"mcdata10":{"url":"im::level71","y":"-1525.15","zi":10,"x":"387.8"},"mcdata0":{"url":"im::level61","y":"-136","zi":0,"x":"151.9"},"mcdata19":{"url":"im::level80","y":"-2530.7","zi":19,"x":"223.9"},"name":"map4_4","mcdata14":{"url":"im::level75","y":"-1858.95","zi":14,"x":"399.85"},"mcdata6":{"url":"im::level67","y":"-803.4","zi":6,"x":"221.9"},"mcdata1":{"url":"im::level62","y":"-213.6","zi":1,"x":"339.85"},"mcdata18":{"url":"im::level79","y":"-2384.8","zi":18,"x":"323.85"},"mcdata11":{"url":"im::level72","y":"-1593.1","zi":11,"x":"197.85"},"mcdata7":{"url":"im::level68","y":"-1031.3","zi":7,"x":"293.9"},"mcdata2":{"url":"im::level63","y":"-155.65","zi":2,"x":"539.8"},"mcdata17":{"url":"im::level78","y":"-2304.8","zi":17,"x":"519.8"},"mcdata8":{"url":"im::level69","y":"-1155.3","zi":8,"x":"483.85"},"mcdata12":{"url":"im::level73","y":"-1777.05","zi":12,"x":"137.95"},"mcdata3":{"url":"im::level64","y":"-369.5","zi":3,"x":"599.75"},"mcdata15":{"url":"im::level76","y":"-1934.95","zi":15,"x":"579.8"},"mcdata16":{"url":"im::level77","y":"-2132.9","zi":16,"x":"607.75"},"mcdata9":{"url":"im::level70","y":"-1369.2","zi":9,"x":"535.8"},"mcdata4":{"url":"im::level65","y":"-571.45","zi":4,"x":"553.8"},"mcdata13":{"url":"im::level74","y":"-1964.95","zi":13,"x":"213.9"},"mcdata5":{"url":"im::level66","y":"-697.4","zi":5,"x":"395.85"}},"mc1":{"mcdata10":{"url":"im::level32","y":"-1543.1","zi":10,"x":"357.75"},"mcdata0":{"url":"im::level22","y":"-233.6","zi":0,"x":"261.9"},"mcdata19":{"url":"im::level21","y":"-78","zi":19,"x":"174"},"name":"map4_2","mcdata14":{"url":"im::level36","y":"-1899.05","zi":14,"x":"547.75"},"mcdata6":{"url":"im::level28","y":"-937.4","zi":6,"x":"225.85"},"mcdata1":{"url":"im::level23","y":"-141.6","zi":1,"x":"451.85"},"mcdata18":{"url":"im::level40","y":"-2474.75","zi":18,"x":"213.9"},"mcdata11":{"url":"im::level33","y":"-1635.15","zi":11,"x":"165.9"},"mcdata7":{"url":"im::level29","y":"-1057.3","zi":7,"x":"381.85"},"mcdata2":{"url":"im::level24","y":"-263.6","zi":2,"x":"591.75"},"mcdata17":{"url":"im::level39","y":"-2362.8","zi":17,"x":"367.9"},"mcdata8":{"url":"im::level30","y":"-1207.25","zi":8,"x":"517.8"},"mcdata12":{"url":"im::level34","y":"-1861.05","zi":12,"x":"157.95"},"mcdata3":{"url":"im::level25","y":"-463.5","zi":3,"x":"597.75"},"mcdata15":{"url":"im::level37","y":"-2074.9","zi":15,"x":"599.8"},"mcdata16":{"url":"im::level38","y":"-2274.85","zi":16,"x":"553.75"},"mcdata9":{"url":"im::level31","y":"-1395.15","zi":9,"x":"537.85"},"mcdata4":{"url":"im::level26","y":"-651.45","zi":4,"x":"491.8"},"mcdata13":{"url":"im::level35","y":"-1904.95","zi":13,"x":"345.9"},"mcdata5":{"url":"im::level27","y":"-733.45","zi":5,"x":"295.8"}},"mc2":{"mcdata10":{"url":"im::level51","y":"-1497.1","zi":10,"x":"423.85"},"mcdata0":{"url":"im::level41","y":"-83.95","zi":0,"x":"171.95"},"mcdata19":{"url":"im::level60","y":"-2550.7","zi":19,"x":"225.9"},"name":"map4_3","mcdata14":{"url":"im::level55","y":"-1860.95","zi":14,"x":"471.8"},"mcdata6":{"url":"im::level47","y":"-751.35","zi":6,"x":"237.9"},"mcdata1":{"url":"im::level42","y":"-237.55","zi":1,"x":"265.9"},"mcdata18":{"url":"im::level59","y":"-2408.75","zi":18,"x":"295.9"},"mcdata11":{"url":"im::level52","y":"-1593.05","zi":11,"x":"191.9"},"mcdata7":{"url":"im::level48","y":"-977.3","zi":7,"x":"253.85"},"mcdata2":{"url":"im::level43","y":"-151.6","zi":2,"x":"443.8"},"mcdata17":{"url":"im::level58","y":"-2338.8","zi":17,"x":"445.85"},"mcdata8":{"url":"im::level49","y":"-1091.25","zi":8,"x":"443.8"},"mcdata12":{"url":"im::level53","y":"-1803","zi":12,"x":"139.95"},"mcdata3":{"url":"im::level44","y":"-275.55","zi":3,"x":"587.75"},"mcdata15":{"url":"im::level56","y":"-2008.9","zi":15,"x":"601.75"},"mcdata16":{"url":"im::level57","y":"-2216.85","zi":16,"x":"585.8"},"mcdata9":{"url":"im::level50","y":"-1295.15","zi":9,"x":"533.8"},"mcdata4":{"url":"im::level45","y":"-491.45","zi":4,"x":"587.75"},"mcdata13":{"url":"im::level54","y":"-1968.95","zi":13,"x":"275.85"},"mcdata5":{"url":"im::level46","y":"-673.4","zi":5,"x":"453.8"}}}