{"mc2":{"mcdata0":{"zi":0,"url":"im::level61","y":"-119.95","x":"281.85"},"mcdata21":{"zi":21,"url":"im::level82","y":"-2340.8","x":"597.75"},"name":"map1_3","mcdata6":{"zi":6,"url":"im::level67","y":"-713.4","x":"187.9"},"mcdata22":{"zi":22,"url":"im::level83","y":"-2508.75","x":"665.75"},"mcdata1":{"zi":1,"url":"im::level62","y":"-177.6","x":"461.8"},"mcdata15":{"zi":15,"url":"im::level76","y":"-1781","x":"475.8"},"mcdata13":{"zi":13,"url":"im::level74","y":"-1455.1","x":"591.75"},"mcdata7":{"zi":7,"url":"im::level68","y":"-895.3","x":"207.9"},"mcdata2":{"zi":2,"url":"im::level63","y":"-329.55","x":"317.9"},"mcdata10":{"zi":10,"url":"im::level71","y":"-1013.3","x":"431.9"},"mcdata12":{"zi":12,"url":"im::level73","y":"-1275.15","x":"549.8"},"mcdata8":{"zi":8,"url":"im::level69","y":"-805.35","x":"537.8"},"mcdata17":{"zi":17,"url":"im::level78","y":"-1867","x":"85.95"},"mcdata3":{"zi":3,"url":"im::level64","y":"-445.5","x":"417.85"},"mcdata20":{"zi":20,"url":"im::level81","y":"-2260.8","x":"431.85"},"mcdata16":{"zi":16,"url":"im::level77","y":"-1753","x":"257.9"},"mcdata14":{"zi":14,"url":"im::level75","y":"-1643.05","x":"641.75"},"mcdata9":{"zi":9,"url":"im::level70","y":"-963.3","x":"629.75"},"mcdata18":{"zi":18,"url":"im::level79","y":"-2066.9","x":"113.95"},"mcdata4":{"zi":4,"url":"im::level65","y":"-581.45","x":"553.8"},"mcdata19":{"zi":19,"url":"im::level80","y":"-2190.85","x":"259.9"},"mcdata11":{"zi":11,"url":"im::level72","y":"-1125.25","x":"279.9"},"mcdata5":{"zi":5,"url":"im::level66","y":"-645.4","x":"371.85"}},"mc1":{"mcdata4":{"zi":4,"url":"im::level32","y":"-491.45","x":"551.8"},"name":"map1_2","mcdata6":{"zi":6,"url":"im::level34","y":"-485.5","x":"249.9"},"mcdata29":{"zi":29,"url":"im::level57","y":"-2414.75","x":"457.8"},"mcdata5":{"zi":5,"url":"im::level33","y":"-541.45","x":"417.85"},"mcdata15":{"zi":15,"url":"im::level43","y":"-1417.15","x":"293.9"},"mcdata7":{"zi":7,"url":"im::level35","y":"-719.35","x":"433.85"},"mcdata10":{"zi":10,"url":"im::level38","y":"-987.3","x":"223.9"},"mcdata25":{"zi":25,"url":"im::level53","y":"-2046.9","x":"357.85"},"mcdata8":{"zi":8,"url":"im::level36","y":"-849.35","x":"241.9"},"mcdata30":{"zi":30,"url":"im::level58","y":"-2544.7","x":"589.75"},"mcdata11":{"zi":11,"url":"im::level39","y":"-969.3","x":"577.8"},"mcdata16":{"zi":16,"url":"im::level44","y":"-1399.15","x":"483.8"},"mcdata20":{"zi":20,"url":"im::level48","y":"-1719","x":"279.9"},"mcdata9":{"zi":9,"url":"im::level37","y":"-921.35","x":"99.95"},"mcdata21":{"zi":21,"url":"im::level49","y":"-1866.95","x":"195.9"},"mcdata26":{"zi":26,"url":"im::level54","y":"-2094.9","x":"165.9"},"mcdata31":{"zi":31,"url":"im::level59","y":"-2544.7","x":"367.85"},"mcdata0":{"zi":0,"url":"im::level28","y":"-140","x":"169.9"},"mcdata14":{"zi":14,"url":"im::level42","y":"-1341.2","x":"117.95"},"mcdata22":{"zi":22,"url":"im::level50","y":"-1841","x":"399.85"},"mcdata1":{"zi":1,"url":"im::level29","y":"-149.6","x":"357.85"},"mcdata17":{"zi":17,"url":"im::level45","y":"-1395.15","x":"637.75"},"mcdata32":{"zi":32,"url":"im::level60","y":"-2568.7","x":"161.95"},"mcdata2":{"zi":2,"url":"im::level30","y":"-243.55","x":"511.8"},"mcdata12":{"zi":12,"url":"im::level40","y":"-1161.25","x":"397.85"},"mcdata27":{"zi":27,"url":"im::level55","y":"-2214.85","x":"321.9"},"mcdata23":{"zi":23,"url":"im::level51","y":"-1842.95","x":"567.75"},"mcdata3":{"zi":3,"url":"im::level31","y":"-397.5","x":"433.85"},"mcdata18":{"zi":18,"url":"im::level46","y":"-1589.1","x":"609.75"},"mcdata13":{"zi":13,"url":"im::level41","y":"-1225.25","x":"203.9"},"mcdata24":{"zi":24,"url":"im::level52","y":"-2006.9","x":"579.8"},"mcdata28":{"zi":28,"url":"im::level56","y":"-2252.85","x":"539.8"},"mcdata19":{"zi":19,"url":"im::level47","y":"-1693.05","x":"449.85"}},"mc3":{"mcdata0":{"zi":0,"url":"im::level84","y":"-161.95","x":"579.75"},"name":"map1_4","mcdata6":{"zi":6,"url":"im::level90","y":"-765.4","x":"529.8"},"mcdata1":{"zi":1,"url":"im::level85","y":"-91.65","x":"373.85"},"mcdata15":{"zi":15,"url":"im::level99","y":"-1812.95","x":"317.85"},"mcdata13":{"zi":13,"url":"im::level97","y":"-1587.05","x":"599.75"},"mcdata7":{"zi":7,"url":"im::level91","y":"-889.35","x":"389.85"},"mcdata2":{"zi":2,"url":"im::level86","y":"-89.65","x":"165.9"},"mcdata10":{"zi":10,"url":"im::level94","y":"-1319.15","x":"219.9"},"mcdata12":{"zi":12,"url":"im::level96","y":"-1423.1","x":"565.75"},"mcdata8":{"zi":8,"url":"im::level92","y":"-1013.3","x":"227.9"},"mcdata3":{"zi":3,"url":"im::level87","y":"-293.55","x":"127.95"},"mcdata16":{"zi":16,"url":"im::level100","y":"-1906.9","x":"179.9"},"mcdata14":{"zi":14,"url":"im::level98","y":"-1721","x":"477.8"},"mcdata9":{"zi":9,"url":"im::level93","y":"-1179.2","x":"139.95"},"mcdata4":{"zi":4,"url":"im::level88","y":"-501.5","x":"435.8"},"mcdata11":{"zi":11,"url":"im::level95","y":"-1397.1","x":"417.85"},"mcdata5":{"zi":5,"url":"im::level89","y":"-599.45","x":"583.8"}},"mc0":{"mcdata4":{"zi":4,"url":"im::level5","y":"-437.5","x":"355.85"},"name":"map1_1","mcdata6":{"zi":6,"url":"im::level7","y":"-775.4","x":"211.9"},"mcdata5":{"zi":5,"url":"im::level6","y":"-577.45","x":"245.9"},"mcdata15":{"zi":15,"url":"im::level16","y":"-1485.1","x":"457.8"},"mcdata7":{"zi":7,"url":"im::level8","y":"-853.35","x":"65.95"},"mcdata10":{"zi":10,"url":"im::level11","y":"-1139.25","x":"627.75"},"mcdata25":{"zi":25,"url":"im::level26","y":"-2576.7","x":"449.8"},"mcdata8":{"zi":8,"url":"im::level9","y":"-1027.3","x":"295.9"},"mcdata11":{"zi":11,"url":"im::level12","y":"-1227.2","x":"403.85"},"mcdata16":{"zi":16,"url":"im::level17","y":"-1625.05","x":"559.8"},"mcdata20":{"zi":20,"url":"im::level21","y":"-2092.85","x":"545.8"},"mcdata9":{"zi":9,"url":"im::level10","y":"-1059.25","x":"503.8"},"mcdata21":{"zi":21,"url":"im::level22","y":"-2158.85","x":"313.85"},"mcdata26":{"zi":26,"url":"im::level27","y":"-2598.7","x":"229.9"},"mcdata0":{"zi":0,"url":"im::level1","y":"-233.95","x":"189.9"},"mcdata14":{"zi":14,"url":"im::level15","y":"-1441.15","x":"283.9"},"mcdata22":{"zi":22,"url":"im::level23","y":"-2262.8","x":"473.8"},"mcdata1":{"zi":1,"url":"im::level2","y":"-245.95","x":"395.85"},"mcdata17":{"zi":17,"url":"im::level18","y":"-1735","x":"403.85"},"mcdata2":{"zi":2,"url":"im::level3","y":"-291.45","x":"559.75"},"mcdata12":{"zi":12,"url":"im::level13","y":"-1181.2","x":"195.9"},"mcdata23":{"zi":23,"url":"im::level24","y":"-2406.75","x":"503.8"},"mcdata3":{"zi":3,"url":"im::level4","y":"-437.45","x":"609.75"},"mcdata18":{"zi":18,"url":"im::level19","y":"-1777","x":"195.9"},"mcdata13":{"zi":13,"url":"im::level14","y":"-1313.2","x":"97.95"},"mcdata24":{"zi":24,"url":"im::level25","y":"-2490.75","x":"327.85"},"mcdata19":{"zi":19,"url":"im::level20","y":"-1908.95","x":"351.85"}}}