{
  "ID": "5c599465-273e-40c0-847a-e84c5988d4b3",
  "Version": "3.10.0.0",
  "Name": "ads_node",
  "Content": {
    "Content": {
      "Animation": {
        "Duration": 0,
        "Speed": 1.0,
        "Timelines": [],
        "ctype": "TimelineActionData"
      },
      "AnimationList": [],
      "ObjectData": {
        "Tag": 195,
        "Children": [
          {
            "FileData": {
              "Type": "MarkedSubImage",
              "Path": "rank/tip_bg_scale.png",
              "Plist": "csi/scaleplist.plist"
            },
            "Scale9Enable": true,
            "Scale9OriginX": 99,
            "Scale9OriginY": 99,
            "Scale9Width": 102,
            "Scale9Height": 102,
            "AnchorPoint": {
              "ScaleX": 0.5,
              "ScaleY": 0.5
            },
            "Position": {
              "X": 0.0,
              "Y": 0.0
            },
            "Scale": {
              "ScaleX": 1.0,
              "ScaleY": 1.0
            },
            "CColor": {},
            "IconVisible": false,
            "PrePosition": {
              "X": 0.0,
              "Y": 0.0
            },
            "PreSize": {
              "X": 0.0,
              "Y": 0.0
            },
            "LeftMargin": -330.5,
            "RightMargin": -330.5,
            "TopMargin": -294.0,
            "BottomMargin": -294.0,
            "Tag": 366,
            "ActionTag": -581015238,
            "Size": {
              "X": 661.0,
              "Y": 588.0
            },
            "Name": "tips_bg_1",
            "ctype": "ImageViewObjectData"
          },
          {
            "FileData": {
              "Type": "MarkedSubImage",
              "Path": "rank/tip_bg_scale1.png",
              "Plist": "csi/scaleplist.plist"
            },
            "Scale9Enable": true,
            "Scale9OriginX": 49,
            "Scale9OriginY": 49,
            "Scale9Width": 52,
            "Scale9Height": 52,
            "AnchorPoint": {
              "ScaleX": 0.5,
              "ScaleY": 0.5
            },
            "Position": {
              "X": 0.0002,
              "Y": -32.9997
            },
            "Scale": {
              "ScaleX": 1.0,
              "ScaleY": 1.0
            },
            "CColor": {},
            "IconVisible": false,
            "PrePosition": {
              "X": 0.0,
              "Y": 0.0
            },
            "PreSize": {
              "X": 0.0,
              "Y": 0.0
            },
            "LeftMargin": -277.9998,
            "RightMargin": -278.0002,
            "TopMargin": -188.0003,
            "BottomMargin": -253.9997,
            "Tag": 368,
            "ActionTag": -1202394222,
            "Size": {
              "X": 556.0,
              "Y": 442.0
            },
            "Name": "Image_3",
            "ctype": "ImageViewObjectData"
          },
          {
            "FileData": {
              "Type": "MarkedSubImage",
              "Path": "game/closebtnbg.png",
              "Plist": "csi/csi_1.plist"
            },
            "BlendFunc": {
              "Src": 1,
              "Dst": 771
            },
            "AnchorPoint": {
              "ScaleX": 0.5,
              "ScaleY": 0.5
            },
            "Position": {
              "X": 248.6092,
              "Y": 216.1619
            },
            "Scale": {
              "ScaleX": 0.8,
              "ScaleY": 0.8
            },
            "CColor": {},
            "IconVisible": false,
            "PrePosition": {
              "X": 0.0,
              "Y": 0.0
            },
            "PreSize": {
              "X": 0.0,
              "Y": 0.0
            },
            "LeftMargin": 207.6092,
            "RightMargin": -289.6092,
            "TopMargin": -257.1619,
            "BottomMargin": 175.1619,
            "Tag": 369,
            "ActionTag": -1463626399,
            "Size": {
              "X": 82.0,
              "Y": 82.0
            },
            "Name": "closebtnbg_6",
            "ctype": "SpriteObjectData"
          },
          {
            "FileData": {
              "Type": "MarkedSubImage",
              "Path": "rank/close.png",
              "Plist": "csi/csi_17.plist"
            },
            "BlendFunc": {
              "Src": 1,
              "Dst": 771
            },
            "AnchorPoint": {
              "ScaleX": 0.5,
              "ScaleY": 0.5
            },
            "Position": {
              "X": 248.8157,
              "Y": 217.1279
            },
            "Scale": {
              "ScaleX": 1.0,
              "ScaleY": 1.0
            },
            "CColor": {},
            "IconVisible": false,
            "PrePosition": {
              "X": 0.0,
              "Y": 0.0
            },
            "PreSize": {
              "X": 0.0,
              "Y": 0.0
            },
            "LeftMargin": 222.8157,
            "RightMargin": -274.8157,
            "TopMargin": -243.1279,
            "BottomMargin": 191.1279,
            "Tag": 197,
            "ActionTag": 933018120,
            "Size": {
              "X": 52.0,
              "Y": 52.0
            },
            "Name": "btnClose",
            "ctype": "SpriteObjectData"
          },
          {
            "FileData": {
              "Type": "MarkedSubImage",
              "Path": "get_reward/get.png",
              "Plist": "csi/csi_2.plist"
            },
            "BlendFunc": {
              "Src": 1,
              "Dst": 771
            },
            "AnchorPoint": {
              "ScaleX": 0.5,
              "ScaleY": 0.5
            },
            "Position": {
              "X": 0.0,
              "Y": -181.0144
            },
            "Scale": {
              "ScaleX": 1.0,
              "ScaleY": 1.0
            },
            "CColor": {},
            "IconVisible": false,
            "PrePosition": {
              "X": 0.0,
              "Y": 0.0
            },
            "PreSize": {
              "X": 0.0,
              "Y": 0.0
            },
            "LeftMargin": -104.5,
            "RightMargin": -104.5,
            "TopMargin": 142.5144,
            "BottomMargin": -219.5144,
            "Tag": 198,
            "ActionTag": -313111518,
            "Size": {
              "X": 209.0,
              "Y": 77.0
            },
            "Name": "btnOk",
            "ctype": "SpriteObjectData"
          },
          {
            "IsCustomSize": true,
            "FontSize": 36,
            "LabelText": "Failed: Sorry, the ad is currently only available on messenger!",
            "FontResource": {
              "Type": "Normal",
              "Path": "font/jellycursh_font.ttf",
              "Plist": ""
            },
            "HorizontalAlignmentType": "HT_Center",
            "VerticalAlignmentType": "VT_Center",
            "OutlineColor": {
              "G": 0,
              "B": 0
            },
            "ShadowColor": {
              "R": 110,
              "G": 110,
              "B": 110
            },
            "ShadowOffsetX": 2.0,
            "ShadowOffsetY": -2.0,
            "AnchorPoint": {
              "ScaleX": 0.5,
              "ScaleY": 0.5
            },
            "Position": {
              "X": 0.0024,
              "Y": 10.0013
            },
            "Scale": {
              "ScaleX": 1.0,
              "ScaleY": 1.0
            },
            "CColor": {
              "R": 0,
              "G": 0,
              "B": 0
            },
            "IconVisible": false,
            "PrePosition": {
              "X": 0.0,
              "Y": 0.0
            },
            "PreSize": {
              "X": 0.0,
              "Y": 0.0
            },
            "LeftMargin": -249.9976,
            "RightMargin": -250.0024,
            "TopMargin": -150.0013,
            "BottomMargin": -129.9987,
            "Tag": 199,
            "ActionTag": 1598946174,
            "Size": {
              "X": 500.0,
              "Y": 280.0
            },
            "Name": "text",
            "ctype": "TextObjectData"
          }
        ],
        "Size": {
          "X": 0.0,
          "Y": 0.0
        },
        "Name": "Node",
        "ctype": "SingleNodeObjectData"
      },
      "UsedResources": [
        "../csi/csi_1.plist",
        "../csi/csi_1.png",
        "../csi/csi_17.plist",
        "../csi/csi_17.png",
        "../csi/csi_2.plist",
        "../csi/csi_2.png",
        "../csi/scaleplist.plist",
        "../csi/scaleplist.png",
        "../font/jellycursh_font.ttf"
      ],
      "ctype": "GameFileData"
    }
  },
  "Type": "Node"
}