{
  "ID": "7a4ed35c-e314-4d3c-a7dc-550e66ad73f1",
  "Version": "3.10.0.0",
  "Name": "choose_level_layer",
  "Content": {
    "Content": {
      "Animation": {
        "Duration": 0,
        "Speed": 1.0,
        "Timelines": [],
        "ctype": "TimelineActionData"
      },
      "AnimationList": [],
      "ObjectData": {
        "Tag": 119,
        "Children": [
          {
            "AnchorPoint": {},
            "Position": {
              "X": 0.0,
              "Y": 0.0
            },
            "Scale": {
              "ScaleX": 1.0,
              "ScaleY": 1.0
            },
            "CColor": {},
            "IconVisible": true,
            "PrePosition": {
              "X": 0.0,
              "Y": 0.0
            },
            "PreSize": {
              "X": 0.0,
              "Y": 0.0
            },
            "RightMargin": 720.0,
            "TopMargin": 1280.0,
            "Tag": 515,
            "Children": [
              {
                "FileData": {
                  "Type": "MarkedSubImage",
                  "Path": "choose_map/top_bg.png",
                  "Plist": "csi/csi_6.plist"
                },
                "BlendFunc": {
                  "Src": 1,
                  "Dst": 771
                },
                "AnchorPoint": {
                  "ScaleX": 0.5,
                  "ScaleY": 0.5
                },
                "Position": {
                  "X": 360.0002,
                  "Y": 1184.2856
                },
                "Scale": {
                  "ScaleX": 1.0,
                  "ScaleY": 1.0
                },
                "CColor": {},
                "IconVisible": false,
                "PrePosition": {
                  "X": 0.0,
                  "Y": 0.0
                },
                "PreSize": {
                  "X": 0.0,
                  "Y": 0.0
                },
                "LeftMargin": 0.0002,
                "RightMargin": -720.0002,
                "TopMargin": -1280.2856,
                "BottomMargin": 1088.2856,
                "Tag": 172,
                "ActionTag": -812116238,
                "Size": {
                  "X": 720.0,
                  "Y": 192.0
                },
                "Name": "top_bg",
                "ctype": "SpriteObjectData"
              },
              {
                "FileData": {
                  "Type": "MarkedSubImage",
                  "Path": "choose_map/big_star.png",
                  "Plist": "csi/csi_17.plist"
                },
                "BlendFunc": {
                  "Src": 1,
                  "Dst": 771
                },
                "AnchorPoint": {
                  "ScaleX": 0.5,
                  "ScaleY": 0.5
                },
                "Position": {
                  "X": 302.476,
                  "Y": 1211.0
                },
                "Scale": {
                  "ScaleX": 1.0,
                  "ScaleY": 1.0
                },
                "CColor": {},
                "IconVisible": false,
                "PrePosition": {
                  "X": 0.0,
                  "Y": 0.0
                },
                "PreSize": {
                  "X": 0.0,
                  "Y": 0.0
                },
                "LeftMargin": 265.476,
                "RightMargin": -339.476,
                "TopMargin": -1247.0,
                "BottomMargin": 1175.0,
                "Tag": 589,
                "ActionTag": 292443831,
                "Size": {
                  "X": 74.0,
                  "Y": 72.0
                },
                "Name": "big_star_45",
                "ctype": "SpriteObjectData"
              },
              {
                "FileData": {
                  "Type": "MarkedSubImage",
                  "Path": "choose_map/power.png",
                  "Plist": "csi/csi_10.plist"
                },
                "BlendFunc": {
                  "Src": 1,
                  "Dst": 771
                },
                "AnchorPoint": {
                  "ScaleX": 0.5,
                  "ScaleY": 0.5
                },
                "Position": {
                  "X": 532.7,
                  "Y": 1213.0
                },
                "Scale": {
                  "ScaleX": 1.0,
                  "ScaleY": 1.0
                },
                "CColor": {},
                "IconVisible": false,
                "PrePosition": {
                  "X": 0.0,
                  "Y": 0.0
                },
                "PreSize": {
                  "X": 0.0,
                  "Y": 0.0
                },
                "LeftMargin": 500.2,
                "RightMargin": -565.2,
                "TopMargin": -1242.5,
                "BottomMargin": 1183.5,
                "Tag": 594,
                "ActionTag": -551169553,
                "Size": {
                  "X": 65.0,
                  "Y": 59.0
                },
                "Name": "heart",
                "ctype": "SpriteObjectData"
              },
              {
                "FontSize": 20,
                "LabelText": "Text Label",
                "HorizontalAlignmentType": "HT_Center",
                "VerticalAlignmentType": "VT_Center",
                "OutlineColor": {
                  "G": 0,
                  "B": 0
                },
                "ShadowColor": {
                  "R": 110,
                  "G": 110,
                  "B": 110
                },
                "ShadowOffsetX": 2.0,
                "ShadowOffsetY": -2.0,
                "AnchorPoint": {
                  "ScaleX": 0.5,
                  "ScaleY": 0.5
                },
                "Position": {
                  "X": 158.0,
                  "Y": 1213.0
                },
                "Scale": {
                  "ScaleX": 1.0,
                  "ScaleY": 1.0
                },
                "CColor": {},
                "IconVisible": false,
                "PrePosition": {
                  "X": 0.0,
                  "Y": 0.0
                },
                "PreSize": {
                  "X": 0.0,
                  "Y": 0.0
                },
                "LeftMargin": 108.0,
                "RightMargin": -208.0,
                "TopMargin": -1223.0,
                "BottomMargin": 1203.0,
                "Tag": 66,
                "ActionTag": 1944021934,
                "Size": {
                  "X": 100.0,
                  "Y": 20.0
                },
                "Name": "aw_fnttype1_goldText",
                "ctype": "TextObjectData"
              },
              {
                "FontSize": 20,
                "LabelText": "Text Label",
                "HorizontalAlignmentType": "HT_Center",
                "VerticalAlignmentType": "VT_Center",
                "OutlineColor": {
                  "G": 0,
                  "B": 0
                },
                "ShadowColor": {
                  "R": 110,
                  "G": 110,
                  "B": 110
                },
                "ShadowOffsetX": 2.0,
                "ShadowOffsetY": -2.0,
                "AnchorPoint": {
                  "ScaleX": 0.5,
                  "ScaleY": 0.5
                },
                "Position": {
                  "X": 397.0,
                  "Y": 1213.0
                },
                "Scale": {
                  "ScaleX": 1.0,
                  "ScaleY": 1.0
                },
                "CColor": {},
                "IconVisible": false,
                "PrePosition": {
                  "X": 0.0,
                  "Y": 0.0
                },
                "PreSize": {
                  "X": 0.0,
                  "Y": 0.0
                },
                "LeftMargin": 347.0,
                "RightMargin": -447.0,
                "TopMargin": -1223.0,
                "BottomMargin": 1203.0,
                "Tag": 67,
                "ActionTag": -1270640163,
                "Size": {
                  "X": 100.0,
                  "Y": 20.0
                },
                "Name": "aw_fnttype1_startText",
                "ctype": "TextObjectData"
              },
              {
                "FontSize": 20,
                "LabelText": "Text Label",
                "HorizontalAlignmentType": "HT_Center",
                "VerticalAlignmentType": "VT_Center",
                "OutlineColor": {
                  "G": 0,
                  "B": 0
                },
                "ShadowColor": {
                  "R": 110,
                  "G": 110,
                  "B": 110
                },
                "ShadowOffsetX": 2.0,
                "ShadowOffsetY": -2.0,
                "AnchorPoint": {
                  "ScaleX": 0.5,
                  "ScaleY": 0.5
                },
                "Position": {
                  "X": 610.0,
                  "Y": 1213.0
                },
                "Scale": {
                  "ScaleX": 1.0,
                  "ScaleY": 1.0
                },
                "CColor": {},
                "IconVisible": false,
                "PrePosition": {
                  "X": 0.0,
                  "Y": 0.0
                },
                "PreSize": {
                  "X": 0.0,
                  "Y": 0.0
                },
                "LeftMargin": 560.0,
                "RightMargin": -660.0,
                "TopMargin": -1223.0,
                "BottomMargin": 1203.0,
                "Tag": 68,
                "ActionTag": -1800102644,
                "Size": {
                  "X": 100.0,
                  "Y": 20.0
                },
                "Name": "aw_fnttype1_powerText",
                "ctype": "TextObjectData"
              },
              {
                "FileData": {
                  "Type": "MarkedSubImage",
                  "Path": "rank/time_bg.png",
                  "Plist": "csi/csi_29.plist"
                },
                "BlendFunc": {
                  "Src": 1,
                  "Dst": 771
                },
                "AnchorPoint": {
                  "ScaleX": 0.5,
                  "ScaleY": 0.5
                },
                "Position": {
                  "X": 618.1542,
                  "Y": 1169.5834
                },
                "Scale": {
                  "ScaleX": 1.0,
                  "ScaleY": 1.0
                },
                "CColor": {},
                "IconVisible": false,
                "PrePosition": {
                  "X": 0.0,
                  "Y": 0.0
                },
                "PreSize": {
                  "X": 0.0,
                  "Y": 0.0
                },
                "LeftMargin": 554.6542,
                "RightMargin": -681.6542,
                "TopMargin": -1192.5834,
                "BottomMargin": 1146.5834,
                "Tag": 242,
                "ActionTag": 829341699,
                "Size": {
                  "X": 127.0,
                  "Y": 46.0
                },
                "Name": "time_bg",
                "ctype": "SpriteObjectData"
              },
              {
                "FontSize": 25,
                "LabelText": "59:59",
                "FontResource": {
                  "Type": "Normal",
                  "Path": "font/jellycursh_font.ttf",
                  "Plist": ""
                },
                "OutlineColor": {
                  "G": 0,
                  "B": 0
                },
                "ShadowColor": {
                  "R": 110,
                  "G": 110,
                  "B": 110
                },
                "ShadowOffsetX": 2.0,
                "ShadowOffsetY": -2.0,
                "AnchorPoint": {
                  "ScaleX": 0.5,
                  "ScaleY": 0.5
                },
                "Position": {
                  "X": 618.1185,
                  "Y": 1171.3455
                },
                "Scale": {
                  "ScaleX": 1.0,
                  "ScaleY": 1.0
                },
                "CColor": {
                  "R": 221,
                  "G": 53,
                  "B": 53
                },
                "IconVisible": false,
                "PrePosition": {
                  "X": 0.0,
                  "Y": 0.0
                },
                "PreSize": {
                  "X": 0.0,
                  "Y": 0.0
                },
                "LeftMargin": 579.1185,
                "RightMargin": -657.1185,
                "TopMargin": -1186.8455,
                "BottomMargin": 1155.8455,
                "Tag": 244,
                "ActionTag": 2145858690,
                "Size": {
                  "X": 78.0,
                  "Y": 31.0
                },
                "Name": "leftTime",
                "ctype": "TextObjectData"
              }
            ],
            "ActionTag": 958894109,
            "Size": {
              "X": 0.0,
              "Y": 0.0
            },
            "Name": "no_power",
            "ctype": "SingleNodeObjectData"
          },
          {
            "FileData": {
              "Type": "MarkedSubImage",
              "Path": "resurgence/diamond.png",
              "Plist": "csi/csi_17.plist"
            },
            "BlendFunc": {
              "Src": 1,
              "Dst": 771
            },
            "AnchorPoint": {
              "ScaleX": 0.5,
              "ScaleY": 0.5
            },
            "Position": {
              "X": 56.11,
              "Y": 1211.0
            },
            "Scale": {
              "ScaleX": 1.0,
              "ScaleY": 1.0
            },
            "CColor": {},
            "IconVisible": false,
            "PrePosition": {
              "X": 0.0779,
              "Y": 0.9461
            },
            "PreSize": {
              "X": 0.1056,
              "Y": 0.0516
            },
            "LeftMargin": 18.11,
            "RightMargin": 625.89,
            "TopMargin": 36.0,
            "BottomMargin": 1178.0,
            "Tag": 590,
            "ActionTag": 84147463,
            "Size": {
              "X": 76.0,
              "Y": 66.0
            },
            "Name": "diamond_46",
            "ctype": "SpriteObjectData"
          },
          {
            "FileData": {
              "Type": "MarkedSubImage",
              "Path": "rank/gift.png",
              "Plist": "csi/csi_34.plist"
            },
            "BlendFunc": {
              "Src": 1,
              "Dst": 771
            },
            "AnchorPoint": {
              "ScaleX": 0.5,
              "ScaleY": 0.5
            },
            "Position": {
              "X": 644.7695,
              "Y": 1073.0577
            },
            "Scale": {
              "ScaleX": 1.0,
              "ScaleY": 1.0
            },
            "CColor": {},
            "IconVisible": false,
            "PrePosition": {
              "X": 0.8955,
              "Y": 0.8383
            },
            "PreSize": {
              "X": 0.2486,
              "Y": 0.1398
            },
            "LeftMargin": 555.2695,
            "RightMargin": -14.2695,
            "TopMargin": 117.4423,
            "BottomMargin": 983.5577,
            "Tag": 319,
            "Children": [
              {
                "FileData": {
                  "Type": "MarkedSubImage",
                  "Path": "rank/gift_text.png",
                  "Plist": "csi/csi_34.plist"
                },
                "BlendFunc": {
                  "Src": 1,
                  "Dst": 771
                },
                "AnchorPoint": {
                  "ScaleX": 0.5,
                  "ScaleY": 0.5
                },
                "Position": {
                  "X": 88.9826,
                  "Y": 46.6072
                },
                "Scale": {
                  "ScaleX": 1.0,
                  "ScaleY": 1.0
                },
                "CColor": {},
                "IconVisible": false,
                "PrePosition": {
                  "X": 0.4971,
                  "Y": 0.2604
                },
                "PreSize": {
                  "X": 0.3408,
                  "Y": 0.1397
                },
                "LeftMargin": 58.4826,
                "RightMargin": 59.5174,
                "TopMargin": 119.8928,
                "BottomMargin": 34.1072,
                "Tag": 1647,
                "ActionTag": -324454871,
                "Size": {
                  "X": 61.0,
                  "Y": 25.0
                },
                "Name": "gift_text",
                "ctype": "SpriteObjectData"
              },
              {
                "FontSize": 20,
                "LabelText": "Text Label",
                "HorizontalAlignmentType": "HT_Center",
                "VerticalAlignmentType": "VT_Center",
                "OutlineColor": {
                  "G": 0,
                  "B": 0
                },
                "ShadowColor": {
                  "R": 110,
                  "G": 110,
                  "B": 110
                },
                "ShadowOffsetX": 2.0,
                "ShadowOffsetY": -2.0,
                "AnchorPoint": {
                  "ScaleX": 0.5,
                  "ScaleY": 0.5
                },
                "Position": {
                  "X": 93.5929,
                  "Y": 47.0
                },
                "Scale": {
                  "ScaleX": 1.0,
                  "ScaleY": 1.0
                },
                "CColor": {},
                "IconVisible": false,
                "PrePosition": {
                  "X": 0.5229,
                  "Y": 0.2626
                },
                "PreSize": {
                  "X": 0.5587,
                  "Y": 0.1117
                },
                "LeftMargin": 43.5929,
                "RightMargin": 35.4071,
                "TopMargin": 122.0,
                "BottomMargin": 37.0,
                "Tag": 446,
                "ActionTag": -1192030897,
                "Size": {
                  "X": 100.0,
                  "Y": 20.0
                },
                "Name": "aw_fnttype16_time",
                "ctype": "TextObjectData"
              }
            ],
            "ActionTag": 706354387,
            "Size": {
              "X": 179.0,
              "Y": 179.0
            },
            "Name": "btnGift",
            "ctype": "SpriteObjectData"
          },
          {
            "FileData": {
              "Type": "MarkedSubImage",
              "Path": "choose_map/btnAdd.png",
              "Plist": "csi/csi_17.plist"
            },
            "BlendFunc": {
              "Src": 1,
              "Dst": 771
            },
            "AnchorPoint": {
              "ScaleX": 0.5,
              "ScaleY": 0.5
            },
            "Position": {
              "X": 679.8444,
              "Y": 1213.3112
            },
            "Scale": {
              "ScaleX": 1.0,
              "ScaleY": 1.0
            },
            "CColor": {},
            "IconVisible": false,
            "PrePosition": {
              "X": 0.9442,
              "Y": 0.9479
            },
            "PreSize": {
              "X": 0.0625,
              "Y": 0.0344
            },
            "LeftMargin": 657.3444,
            "RightMargin": 17.6556,
            "TopMargin": 44.6888,
            "BottomMargin": 1191.3112,
            "Tag": 80,
            "ActionTag": 1044249136,
            "Size": {
              "X": 45.0,
              "Y": 44.0
            },
            "Name": "btnAdd",
            "ctype": "SpriteObjectData"
          },
          {
            "FileData": {
              "Type": "MarkedSubImage",
              "Path": "sign/open.png",
              "Plist": "csi/csi_30.plist"
            },
            "BlendFunc": {
              "Src": 1,
              "Dst": 771
            },
            "AnchorPoint": {
              "ScaleX": 0.5,
              "ScaleY": 0.5
            },
            "Position": {
              "X": 86.158,
              "Y": 867.9586
            },
            "Scale": {
              "ScaleX": 1.0,
              "ScaleY": 1.0
            },
            "CColor": {},
            "IconVisible": false,
            "PrePosition": {
              "X": 0.1197,
              "Y": 0.6781
            },
            "PreSize": {
              "X": 0.2458,
              "Y": 0.1375
            },
            "LeftMargin": -2.342,
            "RightMargin": 545.342,
            "TopMargin": 324.0414,
            "BottomMargin": 779.9586,
            "Tag": 1861,
            "Children": [
              {
                "FileData": {
                  "Type": "MarkedSubImage",
                  "Path": "sign/time_icon.png",
                  "Plist": "csi/csi_10.plist"
                },
                "BlendFunc": {
                  "Src": 1,
                  "Dst": 771
                },
                "AnchorPoint": {
                  "ScaleX": 0.5,
                  "ScaleY": 0.5
                },
                "Position": {
                  "X": 124.5219,
                  "Y": 58.9427
                },
                "Scale": {
                  "ScaleX": 1.0,
                  "ScaleY": 1.0
                },
                "CColor": {},
                "IconVisible": false,
                "PrePosition": {
                  "X": 0.7035,
                  "Y": 0.3349
                },
                "PreSize": {
                  "X": 0.3277,
                  "Y": 0.3693
                },
                "LeftMargin": 95.5219,
                "RightMargin": 23.4781,
                "TopMargin": 84.5573,
                "BottomMargin": 26.4427,
                "Tag": 1905,
                "ActionTag": 94315512,
                "Size": {
                  "X": 58.0,
                  "Y": 65.0
                },
                "Name": "time_icon",
                "ctype": "SpriteObjectData"
              },
              {
                "FontSize": 20,
                "LabelText": "Text Label",
                "HorizontalAlignmentType": "HT_Center",
                "VerticalAlignmentType": "VT_Center",
                "OutlineColor": {
                  "G": 0,
                  "B": 0
                },
                "ShadowColor": {
                  "R": 110,
                  "G": 110,
                  "B": 110
                },
                "ShadowOffsetX": 2.0,
                "ShadowOffsetY": -2.0,
                "AnchorPoint": {
                  "ScaleX": 0.5,
                  "ScaleY": 0.5
                },
                "Position": {
                  "X": 88.9995,
                  "Y": 24.0
                },
                "Scale": {
                  "ScaleX": 1.0,
                  "ScaleY": 1.0
                },
                "CColor": {},
                "IconVisible": false,
                "PrePosition": {
                  "X": 0.5028,
                  "Y": 0.1364
                },
                "PreSize": {
                  "X": 0.565,
                  "Y": 0.1136
                },
                "LeftMargin": 38.9995,
                "RightMargin": 38.0005,
                "TopMargin": 142.0,
                "BottomMargin": 14.0,
                "Tag": 69,
                "ActionTag": -1257406100,
                "Size": {
                  "X": 100.0,
                  "Y": 20.0
                },
                "Name": "aw_fnttype2_time",
                "ctype": "TextObjectData"
              }
            ],
            "ActionTag": 2019953748,
            "Size": {
              "X": 177.0,
              "Y": 176.0
            },
            "Name": "btnPower",
            "ctype": "SpriteObjectData"
          },
          {
            "FileData": {
              "Type": "MarkedSubImage",
              "Path": "invite/icon.png",
              "Plist": "csi/csi_3.plist"
            },
            "BlendFunc": {
              "Src": 1,
              "Dst": 771
            },
            "AnchorPoint": {
              "ScaleX": 0.5,
              "ScaleY": 0.5
            },
            "Position": {
              "X": 645.0,
              "Y": 1078.0
            },
            "Scale": {
              "ScaleX": 1.0,
              "ScaleY": 1.0
            },
            "CColor": {},
            "IconVisible": false,
            "PrePosition": {
              "X": 0.8958,
              "Y": 0.8422
            },
            "PreSize": {
              "X": 0.2486,
              "Y": 0.1398
            },
            "LeftMargin": 555.5,
            "RightMargin": -14.5,
            "TopMargin": 112.5,
            "BottomMargin": 988.5,
            "Tag": 135,
            "ActionTag": 1021861287,
            "Size": {
              "X": 179.0,
              "Y": 179.0
            },
            "Name": "btnDailyGift",
            "ctype": "SpriteObjectData"
          },
          {
            "FileData": {
              "Type": "MarkedSubImage",
              "Path": "choose_map/iconbg.png",
              "Plist": "csi/csi_9.plist"
            },
            "BlendFunc": {
              "Src": 1,
              "Dst": 771
            },
            "AnchorPoint": {
              "ScaleX": 0.5,
              "ScaleY": 0.5
            },
            "Position": {
              "X": -144.712,
              "Y": 1046.7982
            },
            "Scale": {
              "ScaleX": 1.0,
              "ScaleY": 1.0
            },
            "CColor": {},
            "IconVisible": false,
            "PrePosition": {
              "X": -0.201,
              "Y": 0.8178
            },
            "PreSize": {
              "X": 0.1861,
              "Y": 0.1125
            },
            "LeftMargin": -211.712,
            "RightMargin": 797.712,
            "TopMargin": 161.2018,
            "BottomMargin": 974.7982,
            "Tag": 735,
            "Children": [
              {
                "FileData": {
                  "Type": "MarkedSubImage",
                  "Path": "choose_map/reward.png",
                  "Plist": "csi/csi_1.plist"
                },
                "BlendFunc": {
                  "Src": 1,
                  "Dst": 771
                },
                "AnchorPoint": {
                  "ScaleX": 0.5,
                  "ScaleY": 0.5
                },
                "Position": {
                  "X": 68.5893,
                  "Y": 67.4949
                },
                "Scale": {
                  "ScaleX": 1.0,
                  "ScaleY": 1.0
                },
                "CColor": {},
                "IconVisible": false,
                "PrePosition": {
                  "X": 0.5119,
                  "Y": 0.4687
                },
                "PreSize": {
                  "X": 0.7612,
                  "Y": 0.6875
                },
                "LeftMargin": 17.5893,
                "RightMargin": 14.4107,
                "TopMargin": 27.0051,
                "BottomMargin": 17.9949,
                "Tag": 143,
                "ActionTag": 2092865314,
                "Size": {
                  "X": 102.0,
                  "Y": 99.0
                },
                "Name": "btnTask_0",
                "ctype": "SpriteObjectData"
              },
              {
                "FileData": {
                  "Type": "MarkedSubImage",
                  "Path": "choose_map/reward_text.png",
                  "Plist": "csi/csi_11.plist"
                },
                "BlendFunc": {
                  "Src": 1,
                  "Dst": 771
                },
                "AnchorPoint": {
                  "ScaleX": 0.5,
                  "ScaleY": 0.5
                },
                "Position": {
                  "X": 69.8854,
                  "Y": 14.1039
                },
                "Scale": {
                  "ScaleX": 1.0,
                  "ScaleY": 1.0
                },
                "CColor": {},
                "IconVisible": false,
                "PrePosition": {
                  "X": 0.5215,
                  "Y": 0.0979
                },
                "PreSize": {
                  "X": 0.7164,
                  "Y": 0.2153
                },
                "LeftMargin": 21.8854,
                "RightMargin": 16.1146,
                "TopMargin": 114.3961,
                "BottomMargin": -1.3961,
                "Tag": 144,
                "ActionTag": -1834365865,
                "Size": {
                  "X": 96.0,
                  "Y": 31.0
                },
                "Name": "shop_text_2_0",
                "ctype": "SpriteObjectData"
              }
            ],
            "ActionTag": 1570631342,
            "Size": {
              "X": 134.0,
              "Y": 144.0
            },
            "VisibleForFrame": false,
            "Name": "frame_2",
            "ctype": "SpriteObjectData"
          },
          {
            "FileData": {
              "Type": "MarkedSubImage",
              "Path": "choose_map/iconbg.png",
              "Plist": "csi/csi_9.plist"
            },
            "BlendFunc": {
              "Src": 1,
              "Dst": 771
            },
            "AnchorPoint": {
              "ScaleX": 0.5,
              "ScaleY": 0.5
            },
            "Position": {
              "X": 83.4299,
              "Y": 1074.4236
            },
            "Scale": {
              "ScaleX": 1.0,
              "ScaleY": 1.0
            },
            "CColor": {},
            "IconVisible": false,
            "PrePosition": {
              "X": 0.1159,
              "Y": 0.8394
            },
            "PreSize": {
              "X": 0.1861,
              "Y": 0.1125
            },
            "LeftMargin": 16.4299,
            "RightMargin": 569.5701,
            "TopMargin": 133.5764,
            "BottomMargin": 1002.4236,
            "Tag": 736,
            "Children": [
              {
                "FileData": {
                  "Type": "MarkedSubImage",
                  "Path": "choose_map/lottery.png",
                  "Plist": "csi/csi_8.plist"
                },
                "BlendFunc": {
                  "Src": 1,
                  "Dst": 771
                },
                "AnchorPoint": {
                  "ScaleX": 0.5,
                  "ScaleY": 0.5
                },
                "Position": {
                  "X": 68.5902,
                  "Y": 75.4977
                },
                "Scale": {
                  "ScaleX": 1.0,
                  "ScaleY": 1.0
                },
                "CColor": {},
                "IconVisible": false,
                "PrePosition": {
                  "X": 0.5119,
                  "Y": 0.5243
                },
                "PreSize": {
                  "X": 0.7164,
                  "Y": 0.6667
                },
                "LeftMargin": 20.5902,
                "RightMargin": 17.4098,
                "TopMargin": 20.5023,
                "BottomMargin": 27.4977,
                "Tag": 146,
                "ActionTag": -659237774,
                "Size": {
                  "X": 96.0,
                  "Y": 96.0
                },
                "Name": "btnTask_0",
                "ctype": "SpriteObjectData"
              },
              {
                "FileData": {
                  "Type": "MarkedSubImage",
                  "Path": "choose_map/lottery_text.png",
                  "Plist": "csi/csi_11.plist"
                },
                "BlendFunc": {
                  "Src": 1,
                  "Dst": 771
                },
                "AnchorPoint": {
                  "ScaleX": 0.5,
                  "ScaleY": 1.0
                },
                "Position": {
                  "X": 65.6829,
                  "Y": 35.1652
                },
                "Scale": {
                  "ScaleX": 1.0,
                  "ScaleY": 1.0
                },
                "CColor": {},
                "IconVisible": false,
                "PrePosition": {
                  "X": 0.4902,
                  "Y": 0.2442
                },
                "PreSize": {
                  "X": 1.1343,
                  "Y": 0.2014
                },
                "LeftMargin": -10.3171,
                "RightMargin": -7.6829,
                "TopMargin": 108.8348,
                "BottomMargin": 6.1652,
                "Tag": 147,
                "ActionTag": 1193405230,
                "Size": {
                  "X": 152.0,
                  "Y": 29.0
                },
                "Name": "shop_text_2_0",
                "ctype": "SpriteObjectData"
              }
            ],
            "ActionTag": 1026737179,
            "Size": {
              "X": 134.0,
              "Y": 144.0
            },
            "Name": "frame_1",
            "ctype": "SpriteObjectData"
          },
          {
            "FileData": {
              "Type": "MarkedSubImage",
              "Path": "guide/pot.png",
              "Plist": "csi/csi_1.plist"
            },
            "BlendFunc": {
              "Src": 1,
              "Dst": 771
            },
            "AnchorPoint": {
              "ScaleX": 0.5,
              "ScaleY": 0.5
            },
            "Position": {
              "X": -102.1402,
              "Y": 1091.9838
            },
            "Scale": {
              "ScaleX": 1.0,
              "ScaleY": 1.0
            },
            "CColor": {},
            "IconVisible": false,
            "PrePosition": {
              "X": -0.1419,
              "Y": 0.8531
            },
            "PreSize": {
              "X": 0.05,
              "Y": 0.0281
            },
            "LeftMargin": -120.1402,
            "RightMargin": 804.1402,
            "TopMargin": 170.0162,
            "BottomMargin": 1073.9838,
            "Tag": 930,
            "ActionTag": 1682803321,
            "Size": {
              "X": 36.0,
              "Y": 36.0
            },
            "VisibleForFrame": false,
            "Name": "pot2",
            "ctype": "SpriteObjectData"
          },
          {
            "FileData": {
              "Type": "MarkedSubImage",
              "Path": "guide/pot.png",
              "Plist": "csi/csi_1.plist"
            },
            "BlendFunc": {
              "Src": 1,
              "Dst": 771
            },
            "AnchorPoint": {
              "ScaleX": 0.5,
              "ScaleY": 0.5
            },
            "Position": {
              "X": 120.2867,
              "Y": 1120.5188
            },
            "Scale": {
              "ScaleX": 1.0,
              "ScaleY": 1.0
            },
            "CColor": {},
            "IconVisible": false,
            "PrePosition": {
              "X": 0.1671,
              "Y": 0.8754
            },
            "PreSize": {
              "X": 0.05,
              "Y": 0.0281
            },
            "LeftMargin": 102.2867,
            "RightMargin": 581.7133,
            "TopMargin": 141.4812,
            "BottomMargin": 1102.5188,
            "Tag": 931,
            "ActionTag": -917300679,
            "Size": {
              "X": 36.0,
              "Y": 36.0
            },
            "Name": "pot1",
            "ctype": "SpriteObjectData"
          },
          {
            "FileData": {
              "Type": "MarkedSubImage",
              "Path": "rank/back_down.png",
              "Plist": "csi/csi_34.plist"
            },
            "BlendFunc": {
              "Src": 1,
              "Dst": 771
            },
            "AnchorPoint": {
              "ScaleX": 0.5,
              "ScaleY": 0.5
            },
            "Position": {
              "X": 79.9935,
              "Y": 147.2153
            },
            "Scale": {
              "ScaleX": 1.0,
              "ScaleY": 1.0
            },
            "CColor": {},
            "IconVisible": false,
            "PrePosition": {
              "X": 0.1111,
              "Y": 0.115
            },
            "PreSize": {
              "X": 0.1681,
              "Y": 0.0961
            },
            "LeftMargin": 19.4935,
            "RightMargin": 579.5065,
            "TopMargin": 1071.2847,
            "BottomMargin": 85.7153,
            "Tag": 63,
            "ActionTag": 1981612385,
            "Size": {
              "X": 121.0,
              "Y": 123.0
            },
            "Name": "backbtn",
            "ctype": "SpriteObjectData"
          },
          {
            "FileData": {
              "Type": "MarkedSubImage",
              "Path": "choose_map/iconbg.png",
              "Plist": "csi/csi_9.plist"
            },
            "BlendFunc": {
              "Src": 1,
              "Dst": 771
            },
            "AnchorPoint": {
              "ScaleX": 0.5,
              "ScaleY": 0.5
            },
            "Position": {
              "X": -148.8589,
              "Y": 877.7891
            },
            "Scale": {
              "ScaleX": 1.0,
              "ScaleY": 1.0
            },
            "CColor": {},
            "IconVisible": false,
            "PrePosition": {
              "X": -0.2067,
              "Y": 0.6858
            },
            "PreSize": {
              "X": 0.1861,
              "Y": 0.1125
            },
            "LeftMargin": -215.8589,
            "RightMargin": 801.8589,
            "TopMargin": 330.2109,
            "BottomMargin": 805.7891,
            "Tag": 53,
            "Children": [
              {
                "FileData": {
                  "Type": "MarkedSubImage",
                  "Path": "moregame/moreicon.png",
                  "Plist": "csi/csi_16.plist"
                },
                "BlendFunc": {
                  "Src": 1,
                  "Dst": 771
                },
                "AnchorPoint": {
                  "ScaleX": 0.5,
                  "ScaleY": 0.5
                },
                "Position": {
                  "X": 66.4609,
                  "Y": 88.1884
                },
                "Scale": {
                  "ScaleX": 1.0,
                  "ScaleY": 1.0
                },
                "CColor": {},
                "IconVisible": false,
                "PrePosition": {
                  "X": 0.496,
                  "Y": 0.6124
                },
                "PreSize": {
                  "X": 0.8209,
                  "Y": 0.7292
                },
                "LeftMargin": 11.4609,
                "RightMargin": 12.5391,
                "TopMargin": 3.3116,
                "BottomMargin": 35.6884,
                "Tag": 699,
                "ActionTag": 1176318420,
                "Size": {
                  "X": 110.0,
                  "Y": 105.0
                },
                "Name": "moreicon",
                "ctype": "SpriteObjectData"
              },
              {
                "FileData": {
                  "Type": "MarkedSubImage",
                  "Path": "moregame/moredes.png",
                  "Plist": "csi/csi_16.plist"
                },
                "BlendFunc": {
                  "Src": 1,
                  "Dst": 771
                },
                "AnchorPoint": {
                  "ScaleX": 0.5,
                  "ScaleY": 0.5
                },
                "Position": {
                  "X": 66.4578,
                  "Y": 29.3947
                },
                "Scale": {
                  "ScaleX": 1.0,
                  "ScaleY": 1.0
                },
                "CColor": {},
                "IconVisible": false,
                "PrePosition": {
                  "X": 0.496,
                  "Y": 0.2041
                },
                "PreSize": {
                  "X": 0.7239,
                  "Y": 0.2153
                },
                "LeftMargin": 17.9578,
                "RightMargin": 19.0422,
                "TopMargin": 99.1053,
                "BottomMargin": 13.8947,
                "Tag": 700,
                "ActionTag": -1374203080,
                "Size": {
                  "X": 97.0,
                  "Y": 31.0
                },
                "Name": "moredes_9",
                "ctype": "SpriteObjectData"
              }
            ],
            "ActionTag": -1273108192,
            "Size": {
              "X": 134.0,
              "Y": 144.0
            },
            "VisibleForFrame": false,
            "Name": "frame_3",
            "ctype": "SpriteObjectData"
          },
          {
            "FileData": {
              "Type": "MarkedSubImage",
              "Path": "choose_map/iconbg.png",
              "Plist": "csi/csi_9.plist"
            },
            "BlendFunc": {
              "Src": 1,
              "Dst": 771
            },
            "AnchorPoint": {
              "ScaleX": 0.5,
              "ScaleY": 0.5
            },
            "Position": {
              "X": 642.458,
              "Y": 319.9995
            },
            "Scale": {
              "ScaleX": 1.0,
              "ScaleY": 1.0
            },
            "CColor": {},
            "IconVisible": false,
            "PrePosition": {
              "X": 0.8923,
              "Y": 0.25
            },
            "PreSize": {
              "X": 0.1861,
              "Y": 0.1125
            },
            "LeftMargin": 575.458,
            "RightMargin": 10.542,
            "TopMargin": 888.0005,
            "BottomMargin": 247.9995,
            "Tag": 90,
            "Children": [
              {
                "FileData": {
                  "Type": "MarkedSubImage",
                  "Path": "choose_map/messagedes.png",
                  "Plist": "csi/csi_4.plist"
                },
                "BlendFunc": {
                  "Src": 1,
                  "Dst": 771
                },
                "AnchorPoint": {
                  "ScaleX": 0.5,
                  "ScaleY": 0.5
                },
                "Position": {
                  "X": 69.2822,
                  "Y": 19.7934
                },
                "Scale": {
                  "ScaleX": 1.0,
                  "ScaleY": 1.0
                },
                "CColor": {},
                "IconVisible": false,
                "PrePosition": {
                  "X": 0.517,
                  "Y": 0.1375
                },
                "PreSize": {
                  "X": 1.0896,
                  "Y": 0.2292
                },
                "LeftMargin": -3.7178,
                "RightMargin": -8.2822,
                "TopMargin": 107.7066,
                "BottomMargin": 3.2934,
                "Tag": 50,
                "ActionTag": -2019965208,
                "Size": {
                  "X": 146.0,
                  "Y": 33.0
                },
                "Name": "messagedes_4",
                "ctype": "SpriteObjectData"
              },
              {
                "FileData": {
                  "Type": "MarkedSubImage",
                  "Path": "choose_map/messageicon.png",
                  "Plist": "csi/csi_10.plist"
                },
                "BlendFunc": {
                  "Src": 1,
                  "Dst": 771
                },
                "AnchorPoint": {
                  "ScaleX": 0.5,
                  "ScaleY": 0.5
                },
                "Position": {
                  "X": 69.2795,
                  "Y": 83.0739
                },
                "Scale": {
                  "ScaleX": 1.0,
                  "ScaleY": 1.0
                },
                "CColor": {},
                "IconVisible": false,
                "PrePosition": {
                  "X": 0.517,
                  "Y": 0.5769
                },
                "PreSize": {
                  "X": 1.0746,
                  "Y": 0.9028
                },
                "LeftMargin": -2.7205,
                "RightMargin": -7.2795,
                "TopMargin": -4.0739,
                "BottomMargin": 18.0739,
                "Tag": 51,
                "ActionTag": 1580417159,
                "Size": {
                  "X": 144.0,
                  "Y": 130.0
                },
                "Name": "messageicon",
                "ctype": "SpriteObjectData"
              }
            ],
            "ActionTag": -92893231,
            "Size": {
              "X": 134.0,
              "Y": 144.0
            },
            "Name": "messagebtn",
            "ctype": "SpriteObjectData"
          },
          {
            "FileData": {
              "Type": "MarkedSubImage",
              "Path": "choose_map/iconbg.png",
              "Plist": "csi/csi_9.plist"
            },
            "BlendFunc": {
              "Src": 1,
              "Dst": 771
            },
            "AnchorPoint": {
              "ScaleX": 0.5,
              "ScaleY": 0.5
            },
            "Position": {
              "X": 642.0,
              "Y": 500.0
            },
            "Scale": {
              "ScaleX": 1.0,
              "ScaleY": 1.0
            },
            "CColor": {},
            "IconVisible": false,
            "PrePosition": {
              "X": 0.8917,
              "Y": 0.3906
            },
            "PreSize": {
              "X": 0.1861,
              "Y": 0.1125
            },
            "LeftMargin": 575.0,
            "RightMargin": 11.0,
            "TopMargin": 708.0,
            "BottomMargin": 428.0,
            "Tag": 48,
            "Children": [
              {
                "FileData": {
                  "Type": "MarkedSubImage",
                  "Path": "choose_map/shop.png",
                  "Plist": "csi/csi_11.plist"
                },
                "BlendFunc": {
                  "Src": 1,
                  "Dst": 771
                },
                "AnchorPoint": {
                  "ScaleX": 0.5,
                  "ScaleY": 0.5
                },
                "Position": {
                  "X": 71.7322,
                  "Y": 73.9915
                },
                "Scale": {
                  "ScaleX": 1.0,
                  "ScaleY": 1.0
                },
                "CColor": {},
                "IconVisible": false,
                "PrePosition": {
                  "X": 0.5353,
                  "Y": 0.5138
                },
                "PreSize": {
                  "X": 0.7239,
                  "Y": 0.7083
                },
                "LeftMargin": 23.2322,
                "RightMargin": 13.7678,
                "TopMargin": 19.0085,
                "BottomMargin": 22.9915,
                "Tag": 49,
                "ActionTag": -1804675504,
                "Size": {
                  "X": 97.0,
                  "Y": 102.0
                },
                "Name": "shop_2",
                "ctype": "SpriteObjectData"
              },
              {
                "FileData": {
                  "Type": "MarkedSubImage",
                  "Path": "choose_map/shop_text.png",
                  "Plist": "csi/csi_11.plist"
                },
                "BlendFunc": {
                  "Src": 1,
                  "Dst": 771
                },
                "AnchorPoint": {
                  "ScaleX": 0.5,
                  "ScaleY": 0.5
                },
                "Position": {
                  "X": 69.0801,
                  "Y": 19.7991
                },
                "Scale": {
                  "ScaleX": 1.0,
                  "ScaleY": 1.0
                },
                "CColor": {},
                "IconVisible": false,
                "PrePosition": {
                  "X": 0.5155,
                  "Y": 0.1375
                },
                "PreSize": {
                  "X": 0.709,
                  "Y": 0.2569
                },
                "LeftMargin": 21.5801,
                "RightMargin": 17.4199,
                "TopMargin": 105.7009,
                "BottomMargin": 1.2991,
                "Tag": 50,
                "ActionTag": 672344558,
                "Size": {
                  "X": 95.0,
                  "Y": 37.0
                },
                "Name": "shop_text_3",
                "ctype": "SpriteObjectData"
              }
            ],
            "ActionTag": -1345480196,
            "Size": {
              "X": 134.0,
              "Y": 144.0
            },
            "Name": "shopbtn",
            "ctype": "SpriteObjectData"
          }
        ],
        "Size": {
          "X": 720.0,
          "Y": 1280.0
        },
        "Name": "Layer",
        "ctype": "LayerObjectData"
      },
      "UsedResources": [
        "../csi/csi_1.plist",
        "../csi/csi_1.png",
        "../csi/csi_10.plist",
        "../csi/csi_10.png",
        "../csi/csi_11.plist",
        "../csi/csi_11.png",
        "../csi/csi_16.plist",
        "../csi/csi_16.png",
        "../csi/csi_17.plist",
        "../csi/csi_17.png",
        "../csi/csi_29.plist",
        "../csi/csi_29.png",
        "../csi/csi_3.plist",
        "../csi/csi_3.png",
        "../csi/csi_30.plist",
        "../csi/csi_30.png",
        "../csi/csi_34.plist",
        "../csi/csi_34.png",
        "../csi/csi_4.plist",
        "../csi/csi_4.png",
        "../csi/csi_6.plist",
        "../csi/csi_6.png",
        "../csi/csi_8.plist",
        "../csi/csi_8.png",
        "../csi/csi_9.plist",
        "../csi/csi_9.png",
        "../font/jellycursh_font.ttf"
      ],
      "ctype": "GameFileData"
    }
  },
  "Type": "Layer"
}