{
  "ID": "0c5ebb01-4242-475e-aa22-235db7135833",
  "Version": "3.10.0.0",
  "Name": "daily_share",
  "Content": {
    "Content": {
      "Animation": {
        "Duration": 0,
        "Speed": 1.0,
        "Timelines": [],
        "ctype": "TimelineActionData"
      },
      "AnimationList": [],
      "ObjectData": {
        "Tag": 2,
        "Children": [
          {
            "FileData": {
              "Type": "MarkedSubImage",
              "Path": "rank/tip_bg_scale.png",
              "Plist": "csi/scaleplist.plist"
            },
            "Scale9Enable": true,
            "Scale9OriginX": 99,
            "Scale9OriginY": 99,
            "Scale9Width": 102,
            "Scale9Height": 102,
            "AnchorPoint": {
              "ScaleX": 0.5,
              "ScaleY": 0.5
            },
            "Position": {
              "X": 0.0,
              "Y": -8.9995
            },
            "Scale": {
              "ScaleX": 1.0,
              "ScaleY": 1.0
            },
            "CColor": {},
            "IconVisible": false,
            "PrePosition": {
              "X": 0.0,
              "Y": 0.0
            },
            "PreSize": {
              "X": 0.0,
              "Y": 0.0
            },
            "LeftMargin": -330.5,
            "RightMargin": -330.5,
            "TopMargin": -285.0005,
            "BottomMargin": -302.9995,
            "Tag": 378,
            "ActionTag": 181567765,
            "Size": {
              "X": 661.0,
              "Y": 588.0
            },
            "Name": "Image_1",
            "ctype": "ImageViewObjectData"
          },
          {
            "FileData": {
              "Type": "MarkedSubImage",
              "Path": "rank/tip_bg_scale1.png",
              "Plist": "csi/scaleplist.plist"
            },
            "Scale9Enable": true,
            "Scale9OriginX": 49,
            "Scale9OriginY": 49,
            "Scale9Width": 52,
            "Scale9Height": 52,
            "AnchorPoint": {
              "ScaleX": 0.5,
              "ScaleY": 0.5
            },
            "Position": {
              "X": -3.1406,
              "Y": -20.7101
            },
            "Scale": {
              "ScaleX": 1.0,
              "ScaleY": 1.0
            },
            "CColor": {},
            "IconVisible": false,
            "PrePosition": {
              "X": 0.0,
              "Y": 0.0
            },
            "PreSize": {
              "X": 0.0,
              "Y": 0.0
            },
            "LeftMargin": -281.1406,
            "RightMargin": -274.8594,
            "TopMargin": -184.2899,
            "BottomMargin": -225.7101,
            "Tag": 379,
            "ActionTag": 1325808227,
            "Size": {
              "X": 556.0,
              "Y": 410.0
            },
            "Name": "Image_2",
            "ctype": "ImageViewObjectData"
          },
          {
            "FileData": {
              "Type": "MarkedSubImage",
              "Path": "game/closebtnbg.png",
              "Plist": "csi/csi_1.plist"
            },
            "BlendFunc": {
              "Src": 1,
              "Dst": 771
            },
            "AnchorPoint": {
              "ScaleX": 0.5,
              "ScaleY": 0.5
            },
            "Position": {
              "X": 248.6092,
              "Y": 216.1619
            },
            "Scale": {
              "ScaleX": 0.8,
              "ScaleY": 0.8
            },
            "CColor": {},
            "IconVisible": false,
            "PrePosition": {
              "X": 0.0,
              "Y": 0.0
            },
            "PreSize": {
              "X": 0.0,
              "Y": 0.0
            },
            "LeftMargin": 207.6092,
            "RightMargin": -289.6092,
            "TopMargin": -257.1619,
            "BottomMargin": 175.1619,
            "Tag": 380,
            "ActionTag": -2114221605,
            "Size": {
              "X": 82.0,
              "Y": 82.0
            },
            "Name": "closebtnbg_6",
            "ctype": "SpriteObjectData"
          },
          {
            "FileData": {
              "Type": "MarkedSubImage",
              "Path": "rank/close.png",
              "Plist": "csi/csi_17.plist"
            },
            "BlendFunc": {
              "Src": 1,
              "Dst": 771
            },
            "AnchorPoint": {
              "ScaleX": 0.5,
              "ScaleY": 0.5
            },
            "Position": {
              "X": 248.8157,
              "Y": 217.1279
            },
            "Scale": {
              "ScaleX": 1.0,
              "ScaleY": 1.0
            },
            "CColor": {},
            "IconVisible": false,
            "PrePosition": {
              "X": 0.0,
              "Y": 0.0
            },
            "PreSize": {
              "X": 0.0,
              "Y": 0.0
            },
            "LeftMargin": 222.8157,
            "RightMargin": -274.8157,
            "TopMargin": -243.1279,
            "BottomMargin": 191.1279,
            "Tag": 6,
            "ActionTag": 1370429161,
            "Size": {
              "X": 52.0,
              "Y": 52.0
            },
            "Name": "btnClose",
            "ctype": "SpriteObjectData"
          },
          {
            "FileData": {
              "Type": "MarkedSubImage",
              "Path": "invite/tittle.png",
              "Plist": "csi/csi_10.plist"
            },
            "BlendFunc": {
              "Src": 1,
              "Dst": 771
            },
            "AnchorPoint": {
              "ScaleX": 0.5,
              "ScaleY": 0.5
            },
            "Position": {
              "X": 0.0,
              "Y": 221.122
            },
            "Scale": {
              "ScaleX": 1.0,
              "ScaleY": 1.0
            },
            "CColor": {},
            "IconVisible": false,
            "PrePosition": {
              "X": 0.0,
              "Y": 0.0
            },
            "PreSize": {
              "X": 0.0,
              "Y": 0.0
            },
            "LeftMargin": -177.0,
            "RightMargin": -177.0,
            "TopMargin": -246.122,
            "BottomMargin": 196.122,
            "Tag": 100,
            "ActionTag": 2082415337,
            "Size": {
              "X": 354.0,
              "Y": 50.0
            },
            "Name": "tittle_1",
            "ctype": "SpriteObjectData"
          },
          {
            "FileData": {
              "Type": "MarkedSubImage",
              "Path": "sign/gift.png",
              "Plist": "csi/csi_34.plist"
            },
            "BlendFunc": {
              "Src": 1,
              "Dst": 771
            },
            "AnchorPoint": {
              "ScaleX": 0.5,
              "ScaleY": 0.5
            },
            "Position": {
              "X": -1.2931,
              "Y": 40.2625
            },
            "Scale": {
              "ScaleX": 1.0,
              "ScaleY": 1.0
            },
            "CColor": {},
            "IconVisible": false,
            "PrePosition": {
              "X": 0.0,
              "Y": 0.0
            },
            "PreSize": {
              "X": 0.0,
              "Y": 0.0
            },
            "LeftMargin": -88.7931,
            "RightMargin": -86.2069,
            "TopMargin": -130.7625,
            "BottomMargin": -50.2375,
            "Tag": 101,
            "ActionTag": 2141391422,
            "Size": {
              "X": 175.0,
              "Y": 181.0
            },
            "Name": "gift_2",
            "ctype": "SpriteObjectData"
          },
          {
            "FileData": {
              "Type": "MarkedSubImage",
              "Path": "invite/get_gift_text.png",
              "Plist": "csi/csi_11.plist"
            },
            "BlendFunc": {
              "Src": 1,
              "Dst": 771
            },
            "AnchorPoint": {
              "ScaleX": 0.5,
              "ScaleY": 0.5
            },
            "Position": {
              "X": -0.0001,
              "Y": -94.9179
            },
            "Scale": {
              "ScaleX": 1.0,
              "ScaleY": 1.0
            },
            "CColor": {},
            "IconVisible": false,
            "PrePosition": {
              "X": 0.0,
              "Y": 0.0
            },
            "PreSize": {
              "X": 0.0,
              "Y": 0.0
            },
            "LeftMargin": -173.5001,
            "RightMargin": -173.4999,
            "TopMargin": 58.9179,
            "BottomMargin": -130.9179,
            "Tag": 102,
            "ActionTag": 1507816851,
            "Size": {
              "X": 347.0,
              "Y": 72.0
            },
            "Name": "get_gift_text_3",
            "ctype": "SpriteObjectData"
          },
          {
            "FileData": {
              "Type": "MarkedSubImage",
              "Path": "invite/btbShare.png",
              "Plist": "csi/csi_10.plist"
            },
            "BlendFunc": {
              "Src": 1,
              "Dst": 771
            },
            "AnchorPoint": {
              "ScaleX": 0.5,
              "ScaleY": 0.5
            },
            "Position": {
              "X": 0.0,
              "Y": -192.5663
            },
            "Scale": {
              "ScaleX": 1.0,
              "ScaleY": 1.0
            },
            "CColor": {},
            "IconVisible": false,
            "PrePosition": {
              "X": 0.0,
              "Y": 0.0
            },
            "PreSize": {
              "X": 0.0,
              "Y": 0.0
            },
            "LeftMargin": -125.0,
            "RightMargin": -125.0,
            "TopMargin": 149.0663,
            "BottomMargin": -236.0663,
            "Tag": 103,
            "ActionTag": 1393805197,
            "Size": {
              "X": 250.0,
              "Y": 87.0
            },
            "Name": "btnShare",
            "ctype": "SpriteObjectData"
          },
          {
            "FileData": {
              "Type": "MarkedSubImage",
              "Path": "invite/see_you_tomorrow.png",
              "Plist": "csi/csi_14.plist"
            },
            "BlendFunc": {
              "Src": 1,
              "Dst": 771
            },
            "AnchorPoint": {
              "ScaleX": 0.5,
              "ScaleY": 0.5
            },
            "Position": {
              "X": -2.7099,
              "Y": -209.3666
            },
            "Scale": {
              "ScaleX": 1.0,
              "ScaleY": 1.0
            },
            "CColor": {},
            "IconVisible": false,
            "PrePosition": {
              "X": 0.0,
              "Y": 0.0
            },
            "PreSize": {
              "X": 0.0,
              "Y": 0.0
            },
            "LeftMargin": -276.7099,
            "RightMargin": -271.2901,
            "TopMargin": 181.3666,
            "BottomMargin": -237.3666,
            "Tag": 136,
            "ActionTag": 1411165387,
            "Size": {
              "X": 548.0,
              "Y": 56.0
            },
            "Name": "text",
            "ctype": "SpriteObjectData"
          }
        ],
        "Size": {
          "X": 0.0,
          "Y": 0.0
        },
        "Name": "Node",
        "ctype": "SingleNodeObjectData"
      },
      "UsedResources": [
        "../csi/csi_1.plist",
        "../csi/csi_1.png",
        "../csi/csi_10.plist",
        "../csi/csi_10.png",
        "../csi/csi_11.plist",
        "../csi/csi_11.png",
        "../csi/csi_14.plist",
        "../csi/csi_14.png",
        "../csi/csi_17.plist",
        "../csi/csi_17.png",
        "../csi/csi_34.plist",
        "../csi/csi_34.png",
        "../csi/scaleplist.plist",
        "../csi/scaleplist.png"
      ],
      "ctype": "GameFileData"
    }
  },
  "Type": "Node"
}