{
  "ID": "37fec5ff-bb26-45a8-b46c-9f31f343abde",
  "Version": "3.10.0.0",
  "Name": "friend_node",
  "Content": {
    "Content": {
      "Animation": {
        "Duration": 0,
        "Speed": 1.0,
        "Timelines": [],
        "ctype": "TimelineActionData"
      },
      "AnimationList": [],
      "ObjectData": {
        "Tag": 92,
        "Children": [
          {
            "FileData": {
              "Type": "MarkedSubImage",
              "Path": "rank/bg_frame.png",
              "Plist": "csi/csi_30.plist"
            },
            "BlendFunc": {
              "Src": 770,
              "Dst": 771
            },
            "AnchorPoint": {
              "ScaleX": 0.5,
              "ScaleY": 0.5
            },
            "Position": {
              "X": 0.0,
              "Y": 0.0
            },
            "Scale": {
              "ScaleX": 1.0,
              "ScaleY": 1.0
            },
            "CColor": {},
            "IconVisible": false,
            "PrePosition": {
              "X": 0.0,
              "Y": 0.0
            },
            "PreSize": {
              "X": 0.0,
              "Y": 0.0
            },
            "LeftMargin": -309.0,
            "RightMargin": -309.0,
            "TopMargin": -42.0,
            "BottomMargin": -42.0,
            "Tag": 93,
            "ActionTag": -1992992615,
            "Size": {
              "X": 618.0,
              "Y": 84.0
            },
            "Name": "bg_frame",
            "ctype": "SpriteObjectData"
          },
          {
            "FileData": {
              "Type": "MarkedSubImage",
              "Path": "rank/icon_frame.png",
              "Plist": "csi/csi_30.plist"
            },
            "BlendFunc": {
              "Src": 1,
              "Dst": 771
            },
            "AnchorPoint": {
              "ScaleX": 0.5,
              "ScaleY": 0.5
            },
            "Position": {
              "X": -190.0,
              "Y": -0.0001
            },
            "Scale": {
              "ScaleX": 1.0,
              "ScaleY": 1.0
            },
            "CColor": {},
            "IconVisible": false,
            "PrePosition": {
              "X": 0.0,
              "Y": 0.0
            },
            "PreSize": {
              "X": 0.0,
              "Y": 0.0
            },
            "LeftMargin": -222.5,
            "RightMargin": 157.5,
            "TopMargin": -30.9999,
            "BottomMargin": -31.0001,
            "Tag": 96,
            "ActionTag": 750358638,
            "Size": {
              "X": 65.0,
              "Y": 62.0
            },
            "Name": "icon_frame",
            "ctype": "SpriteObjectData"
          },
          {
            "IsCustomSize": true,
            "FontSize": 20,
            "LabelText": "Text Label",
            "FontResource": {
              "Type": "Normal",
              "Path": "",
              "Plist": ""
            },
            "VerticalAlignmentType": "VT_Center",
            "OutlineColor": {
              "G": 0,
              "B": 0
            },
            "ShadowColor": {
              "R": 110,
              "G": 110,
              "B": 110
            },
            "ShadowOffsetX": 2.0,
            "ShadowOffsetY": -2.0,
            "AnchorPoint": {
              "ScaleY": 0.5
            },
            "Position": {
              "X": -147.0016,
              "Y": 0.0
            },
            "Scale": {
              "ScaleX": 1.0,
              "ScaleY": 1.0
            },
            "CColor": {
              "R": 165,
              "G": 42,
              "B": 42
            },
            "IconVisible": false,
            "PrePosition": {
              "X": 0.0,
              "Y": 0.0
            },
            "PreSize": {
              "X": 0.0,
              "Y": 0.0
            },
            "LeftMargin": -147.0016,
            "RightMargin": -22.9984,
            "TopMargin": -25.0,
            "BottomMargin": -25.0,
            "Tag": 97,
            "ActionTag": 1065633761,
            "Size": {
              "X": 170.0,
              "Y": 50.0
            },
            "Name": "name",
            "ctype": "TextObjectData"
          },
          {
            "FileData": {
              "Type": "MarkedSubImage",
              "Path": "rank/star_bg.png",
              "Plist": "csi/csi_30.plist"
            },
            "BlendFunc": {
              "Src": 1,
              "Dst": 771
            },
            "AnchorPoint": {
              "ScaleX": 0.5,
              "ScaleY": 0.5
            },
            "Position": {
              "X": 102.9547,
              "Y": -0.0001
            },
            "Scale": {
              "ScaleX": 1.0,
              "ScaleY": 1.0
            },
            "CColor": {},
            "IconVisible": false,
            "PrePosition": {
              "X": 0.0,
              "Y": 0.0
            },
            "PreSize": {
              "X": 0.0,
              "Y": 0.0
            },
            "LeftMargin": 24.4547,
            "RightMargin": -181.4547,
            "TopMargin": -27.4999,
            "BottomMargin": -27.5001,
            "Tag": 99,
            "ActionTag": -336930596,
            "Size": {
              "X": 157.0,
              "Y": 55.0
            },
            "Name": "star_bg_4",
            "ctype": "SpriteObjectData"
          },
          {
            "FileData": {
              "Type": "MarkedSubImage",
              "Path": "result/star.png",
              "Plist": "csi/csi_7.plist"
            },
            "BlendFunc": {
              "Src": 1,
              "Dst": 771
            },
            "AnchorPoint": {
              "ScaleX": 0.5,
              "ScaleY": 0.5
            },
            "Position": {
              "X": 60.0513,
              "Y": 1.1825
            },
            "Scale": {
              "ScaleX": 0.4,
              "ScaleY": 0.4
            },
            "CColor": {},
            "IconVisible": false,
            "PrePosition": {
              "X": 0.0,
              "Y": 0.0
            },
            "PreSize": {
              "X": 0.0,
              "Y": 0.0
            },
            "LeftMargin": -5.9487,
            "RightMargin": -126.0513,
            "TopMargin": -64.1825,
            "BottomMargin": -61.8175,
            "Tag": 100,
            "ActionTag": -492503792,
            "Size": {
              "X": 132.0,
              "Y": 126.0
            },
            "Name": "star_5",
            "ctype": "SpriteObjectData"
          },
          {
            "FontSize": 20,
            "LabelText": "Text Label",
            "HorizontalAlignmentType": "HT_Center",
            "VerticalAlignmentType": "VT_Center",
            "OutlineColor": {
              "G": 0,
              "B": 0
            },
            "ShadowColor": {
              "R": 110,
              "G": 110,
              "B": 110
            },
            "ShadowOffsetX": 2.0,
            "ShadowOffsetY": -2.0,
            "AnchorPoint": {
              "ScaleX": 0.5,
              "ScaleY": 0.5
            },
            "Position": {
              "X": 125.9999,
              "Y": -8.0
            },
            "Scale": {
              "ScaleX": 1.0,
              "ScaleY": 1.0
            },
            "CColor": {},
            "IconVisible": false,
            "PrePosition": {
              "X": 0.0,
              "Y": 0.0
            },
            "PreSize": {
              "X": 0.0,
              "Y": 0.0
            },
            "LeftMargin": 75.9999,
            "RightMargin": -175.9999,
            "TopMargin": -2.0,
            "BottomMargin": -18.0,
            "Tag": 206,
            "ActionTag": -971090777,
            "Size": {
              "X": 100.0,
              "Y": 20.0
            },
            "Name": "aw_fnttype3_star",
            "ctype": "TextObjectData"
          },
          {
            "FontSize": 20,
            "LabelText": "Text Label",
            "OutlineColor": {
              "G": 0,
              "B": 0
            },
            "ShadowColor": {
              "R": 110,
              "G": 110,
              "B": 110
            },
            "ShadowOffsetX": 2.0,
            "ShadowOffsetY": -2.0,
            "AnchorPoint": {
              "ScaleX": 0.5,
              "ScaleY": 0.5
            },
            "Position": {
              "X": -269.04,
              "Y": 0.0
            },
            "Scale": {
              "ScaleX": 1.0,
              "ScaleY": 1.0
            },
            "CColor": {},
            "IconVisible": false,
            "PrePosition": {
              "X": 0.0,
              "Y": 0.0
            },
            "PreSize": {
              "X": 0.0,
              "Y": 0.0
            },
            "LeftMargin": -319.04,
            "RightMargin": 219.04,
            "TopMargin": -10.0,
            "BottomMargin": -10.0,
            "Tag": 207,
            "ActionTag": 1862486709,
            "Size": {
              "X": 100.0,
              "Y": 20.0
            },
            "Name": "aw_fnttype5_rank",
            "ctype": "TextObjectData"
          }
        ],
        "Size": {
          "X": 0.0,
          "Y": 0.0
        },
        "Name": "Node",
        "ctype": "SingleNodeObjectData"
      },
      "UsedResources": [
        "../csi/csi_30.plist",
        "../csi/csi_30.png",
        "../csi/csi_7.plist",
        "../csi/csi_7.png"
      ],
      "ctype": "GameFileData"
    }
  },
  "Type": "Node"
}