{
  "ID": "ef3c8697-1f1f-444e-9fb7-2183bca61833",
  "Version": "3.10.0.0",
  "Name": "gift_node",
  "Content": {
    "Content": {
      "Animation": {
        "Duration": 0,
        "Speed": 1.0,
        "Timelines": [],
        "ctype": "TimelineActionData"
      },
      "AnimationList": [],
      "ObjectData": {
        "Tag": 316,
        "Children": [
          {
            "FileData": {
              "Type": "MarkedSubImage",
              "Path": "rank/tip_bg_scale.png",
              "Plist": "csi/scaleplist.plist"
            },
            "Scale9Enable": true,
            "Scale9OriginX": 99,
            "Scale9OriginY": 80,
            "Scale9Width": 102,
            "Scale9Height": 139,
            "AnchorPoint": {
              "ScaleX": 0.5,
              "ScaleY": 0.5
            },
            "Position": {
              "X": 0.0004,
              "Y": 41.623
            },
            "Scale": {
              "ScaleX": 1.0,
              "ScaleY": 1.0
            },
            "CColor": {},
            "IconVisible": false,
            "PrePosition": {
              "X": 0.0,
              "Y": 0.0
            },
            "PreSize": {
              "X": 0.0,
              "Y": 0.0
            },
            "LeftMargin": -329.9996,
            "RightMargin": -330.0004,
            "TopMargin": -416.623,
            "BottomMargin": -333.377,
            "Tag": 80,
            "ActionTag": 1589823394,
            "Size": {
              "X": 660.0,
              "Y": 750.0
            },
            "Name": "Image_1",
            "ctype": "ImageViewObjectData"
          },
          {
            "FileData": {
              "Type": "MarkedSubImage",
              "Path": "rank/tip_bg_scale1.png",
              "Plist": "csi/scaleplist.plist"
            },
            "Scale9Enable": true,
            "Scale9OriginX": 49,
            "Scale9OriginY": 49,
            "Scale9Width": 52,
            "Scale9Height": 52,
            "AnchorPoint": {
              "ScaleX": 0.5,
              "ScaleY": 0.5
            },
            "Position": {
              "X": -1.9998,
              "Y": 7.8168
            },
            "Scale": {
              "ScaleX": 1.0,
              "ScaleY": 1.0
            },
            "CColor": {},
            "IconVisible": false,
            "PrePosition": {
              "X": 0.0,
              "Y": 0.0
            },
            "PreSize": {
              "X": 0.0,
              "Y": 0.0
            },
            "LeftMargin": -281.9998,
            "RightMargin": -278.0002,
            "TopMargin": -297.8168,
            "BottomMargin": -282.1832,
            "Tag": 279,
            "ActionTag": -1860470519,
            "Size": {
              "X": 560.0,
              "Y": 580.0
            },
            "Name": "Image_3",
            "ctype": "ImageViewObjectData"
          },
          {
            "FileData": {
              "Type": "MarkedSubImage",
              "Path": "rank/giftbg2.png",
              "Plist": "csi/scaleplist.plist"
            },
            "Scale9Enable": true,
            "Scale9OriginX": 50,
            "Scale9OriginY": 50,
            "Scale9Width": 54,
            "Scale9Height": 54,
            "AnchorPoint": {
              "ScaleX": 0.5,
              "ScaleY": 0.5
            },
            "Position": {
              "X": -0.9412,
              "Y": 88.1318
            },
            "Scale": {
              "ScaleX": 1.0,
              "ScaleY": 1.0
            },
            "CColor": {},
            "IconVisible": false,
            "PrePosition": {
              "X": 0.0,
              "Y": 0.0
            },
            "PreSize": {
              "X": 0.0,
              "Y": 0.0
            },
            "LeftMargin": -260.9412,
            "RightMargin": -259.0588,
            "TopMargin": -280.1318,
            "BottomMargin": -103.8682,
            "Tag": 82,
            "ActionTag": -866974000,
            "Size": {
              "X": 520.0,
              "Y": 384.0
            },
            "Name": "Image_2",
            "ctype": "ImageViewObjectData"
          },
          {
            "FileData": {
              "Type": "MarkedSubImage",
              "Path": "rank/imggifticon.png",
              "Plist": "csi/csi_34.plist"
            },
            "BlendFunc": {
              "Src": 1,
              "Dst": 771
            },
            "AnchorPoint": {
              "ScaleX": 0.5,
              "ScaleY": 0.5
            },
            "Position": {
              "X": -1.0,
              "Y": 91.1277
            },
            "Scale": {
              "ScaleX": 1.0,
              "ScaleY": 1.0
            },
            "CColor": {},
            "IconVisible": false,
            "PrePosition": {
              "X": 0.0,
              "Y": 0.0
            },
            "PreSize": {
              "X": 0.0,
              "Y": 0.0
            },
            "LeftMargin": -172.0,
            "RightMargin": -170.0,
            "TopMargin": -242.1277,
            "BottomMargin": -59.8723,
            "Tag": 83,
            "ActionTag": -895971330,
            "Size": {
              "X": 342.0,
              "Y": 302.0
            },
            "Name": "iconsprite",
            "ctype": "SpriteObjectData"
          },
          {
            "FileData": {
              "Type": "MarkedSubImage",
              "Path": "watchad/jelly-anniu.png",
              "Plist": "csi/csi_5.plist"
            },
            "BlendFunc": {
              "Src": 1,
              "Dst": 771
            },
            "AnchorPoint": {
              "ScaleX": 0.5,
              "ScaleY": 0.5
            },
            "Position": {
              "X": 0.0007,
              "Y": -218.7119
            },
            "Scale": {
              "ScaleX": 1.0,
              "ScaleY": 1.0
            },
            "CColor": {},
            "IconVisible": false,
            "PrePosition": {
              "X": 0.0,
              "Y": 0.0
            },
            "PreSize": {
              "X": 0.0,
              "Y": 0.0
            },
            "LeftMargin": -218.4993,
            "RightMargin": -218.5007,
            "TopMargin": 156.2119,
            "BottomMargin": -281.2119,
            "Tag": 318,
            "Children": [
              {
                "FileData": {
                  "Type": "MarkedSubImage",
                  "Path": "watchad/jelly-watch.png",
                  "Plist": "csi/csi_5.plist"
                },
                "BlendFunc": {
                  "Src": 1,
                  "Dst": 771
                },
                "AnchorPoint": {
                  "ScaleX": 0.5,
                  "ScaleY": 0.5
                },
                "Position": {
                  "X": 218.8531,
                  "Y": 65.8067
                },
                "Scale": {
                  "ScaleX": 1.0,
                  "ScaleY": 1.0
                },
                "CColor": {},
                "IconVisible": false,
                "PrePosition": {
                  "X": 0.5008,
                  "Y": 0.5265
                },
                "PreSize": {
                  "X": 0.4966,
                  "Y": 0.384
                },
                "LeftMargin": 110.3531,
                "RightMargin": 109.6469,
                "TopMargin": 35.1933,
                "BottomMargin": 41.8067,
                "Tag": 280,
                "ActionTag": 1831812248,
                "Size": {
                  "X": 217.0,
                  "Y": 48.0
                },
                "Name": "watchtxt",
                "ctype": "SpriteObjectData"
              }
            ],
            "ActionTag": -1221381738,
            "Size": {
              "X": 437.0,
              "Y": 125.0
            },
            "Name": "btnWatch",
            "ctype": "SpriteObjectData"
          },
          {
            "FileData": {
              "Type": "MarkedSubImage",
              "Path": "watchad/jelly-1.png",
              "Plist": "csi/csi_5.plist"
            },
            "BlendFunc": {
              "Src": 1,
              "Dst": 771
            },
            "AnchorPoint": {
              "ScaleX": 0.5,
              "ScaleY": 0.5
            },
            "Position": {
              "X": 0.7871,
              "Y": 341.0466
            },
            "Scale": {
              "ScaleX": 1.0,
              "ScaleY": 1.0
            },
            "CColor": {},
            "IconVisible": false,
            "PrePosition": {
              "X": 0.0,
              "Y": 0.0
            },
            "PreSize": {
              "X": 0.0,
              "Y": 0.0
            },
            "LeftMargin": -157.2129,
            "RightMargin": -158.7871,
            "TopMargin": -361.5466,
            "BottomMargin": 320.5466,
            "Tag": 281,
            "ActionTag": -176433269,
            "Size": {
              "X": 316.0,
              "Y": 41.0
            },
            "Name": "Sprite_2",
            "ctype": "SpriteObjectData"
          },
          {
            "FileData": {
              "Type": "MarkedSubImage",
              "Path": "game/closebtnbg.png",
              "Plist": "csi/csi_1.plist"
            },
            "BlendFunc": {
              "Src": 1,
              "Dst": 771
            },
            "AnchorPoint": {
              "ScaleX": 0.5,
              "ScaleY": 0.5
            },
            "Position": {
              "X": 250.1188,
              "Y": 336.1114
            },
            "Scale": {
              "ScaleX": 0.8,
              "ScaleY": 0.8
            },
            "CColor": {},
            "IconVisible": false,
            "PrePosition": {
              "X": 0.0,
              "Y": 0.0
            },
            "PreSize": {
              "X": 0.0,
              "Y": 0.0
            },
            "LeftMargin": 209.1188,
            "RightMargin": -291.1188,
            "TopMargin": -377.1114,
            "BottomMargin": 295.1114,
            "Tag": 84,
            "ActionTag": -2041263135,
            "Size": {
              "X": 82.0,
              "Y": 82.0
            },
            "Name": "closebtnbg_6",
            "ctype": "SpriteObjectData"
          },
          {
            "FileData": {
              "Type": "MarkedSubImage",
              "Path": "rank/close.png",
              "Plist": "csi/csi_17.plist"
            },
            "BlendFunc": {
              "Src": 1,
              "Dst": 771
            },
            "AnchorPoint": {
              "ScaleX": 0.5,
              "ScaleY": 0.5
            },
            "Position": {
              "X": 250.831,
              "Y": 336.4221
            },
            "Scale": {
              "ScaleX": 1.0,
              "ScaleY": 1.0
            },
            "CColor": {},
            "IconVisible": false,
            "PrePosition": {
              "X": 0.0,
              "Y": 0.0
            },
            "PreSize": {
              "X": 0.0,
              "Y": 0.0
            },
            "LeftMargin": 224.831,
            "RightMargin": -276.831,
            "TopMargin": -362.4221,
            "BottomMargin": 310.4221,
            "Tag": 157,
            "ActionTag": -1843798055,
            "Size": {
              "X": 52.0,
              "Y": 52.0
            },
            "Name": "btnClose",
            "ctype": "SpriteObjectData"
          },
          {
            "FileData": {
              "Type": "MarkedSubImage",
              "Path": "watchad/ongiftdes.png",
              "Plist": "csi/csi_34.plist"
            },
            "BlendFunc": {
              "Src": 1,
              "Dst": 771
            },
            "AnchorPoint": {
              "ScaleX": 0.5,
              "ScaleY": 0.5
            },
            "Position": {
              "X": -0.0004,
              "Y": -134.7801
            },
            "Scale": {
              "ScaleX": 1.0,
              "ScaleY": 1.0
            },
            "CColor": {},
            "IconVisible": false,
            "PrePosition": {
              "X": 0.0,
              "Y": 0.0
            },
            "PreSize": {
              "X": 0.0,
              "Y": 0.0
            },
            "LeftMargin": -144.5004,
            "RightMargin": -144.4996,
            "TopMargin": 119.7801,
            "BottomMargin": -149.7801,
            "Tag": 69,
            "ActionTag": -1089913726,
            "Size": {
              "X": 289.0,
              "Y": 30.0
            },
            "Name": "ongiftdes_1",
            "ctype": "SpriteObjectData"
          }
        ],
        "Size": {
          "X": 0.0,
          "Y": 0.0
        },
        "Name": "Node",
        "ctype": "SingleNodeObjectData"
      },
      "UsedResources": [
        "../csi/csi_1.plist",
        "../csi/csi_1.png",
        "../csi/csi_17.plist",
        "../csi/csi_17.png",
        "../csi/csi_34.plist",
        "../csi/csi_34.png",
        "../csi/csi_5.plist",
        "../csi/csi_5.png",
        "../csi/scaleplist.plist",
        "../csi/scaleplist.png"
      ],
      "ctype": "GameFileData"
    }
  },
  "Type": "Node"
}