{
  "ID": "3c2f33f6-3cb8-450f-8ea5-21951332c3e3",
  "Version": "3.10.0.0",
  "Name": "little_rank_node",
  "Content": {
    "Content": {
      "Animation": {
        "Duration": 0,
        "Speed": 1.0,
        "Timelines": [],
        "ctype": "TimelineActionData"
      },
      "AnimationList": [],
      "ObjectData": {
        "Tag": 1865,
        "Children": [
          {
            "FileData": {
              "Type": "MarkedSubImage",
              "Path": "sign/rank_bg.png",
              "Plist": "csi/csi_30.plist"
            },
            "BlendFunc": {
              "Src": 1,
              "Dst": 771
            },
            "AnchorPoint": {
              "ScaleX": 0.5,
              "ScaleY": 0.5
            },
            "Position": {
              "X": 0.0,
              "Y": 0.0
            },
            "Scale": {
              "ScaleX": 1.0,
              "ScaleY": 1.0
            },
            "CColor": {},
            "IconVisible": false,
            "PrePosition": {
              "X": 0.0,
              "Y": 0.0
            },
            "PreSize": {
              "X": 0.0,
              "Y": 0.0
            },
            "LeftMargin": -70.0,
            "RightMargin": -70.0,
            "TopMargin": -58.0,
            "BottomMargin": -58.0,
            "Tag": 1866,
            "ActionTag": -378021098,
            "Size": {
              "X": 140.0,
              "Y": 116.0
            },
            "Name": "rank_bg",
            "ctype": "SpriteObjectData"
          },
          {
            "FontSize": 20,
            "LabelText": "Text Label",
            "HorizontalAlignmentType": "HT_Center",
            "VerticalAlignmentType": "VT_Center",
            "OutlineColor": {
              "G": 0,
              "B": 0
            },
            "ShadowColor": {
              "R": 110,
              "G": 110,
              "B": 110
            },
            "ShadowOffsetX": 2.0,
            "ShadowOffsetY": -2.0,
            "AnchorPoint": {
              "ScaleX": 0.5,
              "ScaleY": 0.5
            },
            "Position": {
              "X": 28.0,
              "Y": 23.0
            },
            "Scale": {
              "ScaleX": 1.0,
              "ScaleY": 1.0
            },
            "CColor": {},
            "IconVisible": false,
            "PrePosition": {
              "X": 0.0,
              "Y": 0.0
            },
            "PreSize": {
              "X": 0.0,
              "Y": 0.0
            },
            "LeftMargin": -22.0,
            "RightMargin": -78.0,
            "TopMargin": -33.0,
            "BottomMargin": 13.0,
            "Tag": 116,
            "ActionTag": -193745959,
            "Size": {
              "X": 100.0,
              "Y": 20.0
            },
            "Name": "aw_fnttype5_rank1",
            "ctype": "TextObjectData"
          },
          {
            "FontSize": 20,
            "LabelText": "Text Label",
            "HorizontalAlignmentType": "HT_Center",
            "VerticalAlignmentType": "VT_Center",
            "OutlineColor": {
              "G": 0,
              "B": 0
            },
            "ShadowColor": {
              "R": 110,
              "G": 110,
              "B": 110
            },
            "ShadowOffsetX": 2.0,
            "ShadowOffsetY": -2.0,
            "AnchorPoint": {
              "ScaleX": 0.5,
              "ScaleY": 0.5
            },
            "Position": {
              "X": 28.0,
              "Y": -15.0
            },
            "Scale": {
              "ScaleX": 1.0,
              "ScaleY": 1.0
            },
            "CColor": {},
            "IconVisible": false,
            "PrePosition": {
              "X": 0.0,
              "Y": 0.0
            },
            "PreSize": {
              "X": 0.0,
              "Y": 0.0
            },
            "LeftMargin": -22.0,
            "RightMargin": -78.0,
            "TopMargin": 5.0,
            "BottomMargin": -25.0,
            "Tag": 117,
            "ActionTag": 1279217459,
            "Size": {
              "X": 100.0,
              "Y": 20.0
            },
            "Name": "aw_fnttype5_rank2",
            "ctype": "TextObjectData"
          }
        ],
        "Size": {
          "X": 0.0,
          "Y": 0.0
        },
        "Name": "Node",
        "ctype": "SingleNodeObjectData"
      },
      "UsedResources": [
        "../csi/csi_30.plist",
        "../csi/csi_30.png"
      ],
      "ctype": "GameFileData"
    }
  },
  "Type": "Node"
}