{
  "ID": "da2358fe-c382-4f9b-b3e8-75ad9ae3196f",
  "Version": "3.10.0.0",
  "Name": "lottery_watch_node",
  "Content": {
    "Content": {
      "Animation": {
        "Duration": 0,
        "Speed": 1.0,
        "Timelines": [],
        "ctype": "TimelineActionData"
      },
      "AnimationList": [],
      "ObjectData": {
        "Tag": 2,
        "Children": [
          {
            "FileData": {
              "Type": "MarkedSubImage",
              "Path": "rank/tip_bg_scale.png",
              "Plist": "csi/scaleplist.plist"
            },
            "Scale9Enable": true,
            "Scale9OriginX": 99,
            "Scale9OriginY": 80,
            "Scale9Width": 102,
            "Scale9Height": 139,
            "AnchorPoint": {
              "ScaleX": 0.5,
              "ScaleY": 0.5
            },
            "Position": {
              "X": 0.0004,
              "Y": 41.623
            },
            "Scale": {
              "ScaleX": 1.0,
              "ScaleY": 1.0
            },
            "CColor": {},
            "IconVisible": false,
            "PrePosition": {
              "X": 0.0,
              "Y": 0.0
            },
            "PreSize": {
              "X": 0.0,
              "Y": 0.0
            },
            "LeftMargin": -329.9996,
            "RightMargin": -330.0004,
            "TopMargin": -416.623,
            "BottomMargin": -333.377,
            "Tag": 327,
            "ActionTag": -1649046401,
            "Size": {
              "X": 660.0,
              "Y": 750.0
            },
            "Name": "Image_1",
            "ctype": "ImageViewObjectData"
          },
          {
            "FileData": {
              "Type": "MarkedSubImage",
              "Path": "rank/tip_bg_scale1.png",
              "Plist": "csi/scaleplist.plist"
            },
            "Scale9Enable": true,
            "Scale9OriginX": 49,
            "Scale9OriginY": 49,
            "Scale9Width": 52,
            "Scale9Height": 52,
            "AnchorPoint": {
              "ScaleX": 0.5,
              "ScaleY": 0.5
            },
            "Position": {
              "X": -1.9998,
              "Y": 7.8168
            },
            "Scale": {
              "ScaleX": 1.0,
              "ScaleY": 1.0
            },
            "CColor": {},
            "IconVisible": false,
            "PrePosition": {
              "X": 0.0,
              "Y": 0.0
            },
            "PreSize": {
              "X": 0.0,
              "Y": 0.0
            },
            "LeftMargin": -281.9998,
            "RightMargin": -278.0002,
            "TopMargin": -297.8168,
            "BottomMargin": -282.1832,
            "Tag": 326,
            "ActionTag": -189981979,
            "Size": {
              "X": 560.0,
              "Y": 580.0
            },
            "Name": "Image_3",
            "ctype": "ImageViewObjectData"
          },
          {
            "FileData": {
              "Type": "MarkedSubImage",
              "Path": "rank/giftbg2.png",
              "Plist": "csi/scaleplist.plist"
            },
            "Scale9Enable": true,
            "Scale9OriginX": 50,
            "Scale9OriginY": 50,
            "Scale9Width": 54,
            "Scale9Height": 54,
            "AnchorPoint": {
              "ScaleX": 0.5,
              "ScaleY": 0.5
            },
            "Position": {
              "X": -0.9412,
              "Y": 88.1318
            },
            "Scale": {
              "ScaleX": 1.0,
              "ScaleY": 1.0
            },
            "CColor": {},
            "IconVisible": false,
            "PrePosition": {
              "X": 0.0,
              "Y": 0.0
            },
            "PreSize": {
              "X": 0.0,
              "Y": 0.0
            },
            "LeftMargin": -260.9412,
            "RightMargin": -259.0588,
            "TopMargin": -280.1318,
            "BottomMargin": -103.8682,
            "Tag": 325,
            "ActionTag": -313408148,
            "Size": {
              "X": 520.0,
              "Y": 384.0
            },
            "Name": "Image_2",
            "ctype": "ImageViewObjectData"
          },
          {
            "FileData": {
              "Type": "MarkedSubImage",
              "Path": "watchad/jelly-anniu.png",
              "Plist": "csi/csi_5.plist"
            },
            "BlendFunc": {
              "Src": 1,
              "Dst": 771
            },
            "AnchorPoint": {
              "ScaleX": 0.5,
              "ScaleY": 0.5
            },
            "Position": {
              "X": 0.0,
              "Y": -192.0005
            },
            "Scale": {
              "ScaleX": 1.0,
              "ScaleY": 1.0
            },
            "CColor": {},
            "IconVisible": false,
            "PrePosition": {
              "X": 0.0,
              "Y": 0.0
            },
            "PreSize": {
              "X": 0.0,
              "Y": 0.0
            },
            "LeftMargin": -218.5,
            "RightMargin": -218.5,
            "TopMargin": 129.5005,
            "BottomMargin": -254.5005,
            "Tag": 45,
            "Children": [
              {
                "FileData": {
                  "Type": "MarkedSubImage",
                  "Path": "watchad/jelly-watch.png",
                  "Plist": "csi/csi_5.plist"
                },
                "BlendFunc": {
                  "Src": 1,
                  "Dst": 771
                },
                "AnchorPoint": {
                  "ScaleX": 0.5,
                  "ScaleY": 0.5
                },
                "Position": {
                  "X": 219.5486,
                  "Y": 63.3748
                },
                "Scale": {
                  "ScaleX": 1.0,
                  "ScaleY": 1.0
                },
                "CColor": {},
                "IconVisible": false,
                "PrePosition": {
                  "X": 0.5024,
                  "Y": 0.507
                },
                "PreSize": {
                  "X": 0.476,
                  "Y": 0.376
                },
                "LeftMargin": 115.5486,
                "RightMargin": 113.4514,
                "TopMargin": 38.1252,
                "BottomMargin": 39.8748,
                "Tag": 328,
                "ActionTag": 1204280285,
                "Size": {
                  "X": 208.0,
                  "Y": 47.0
                },
                "Name": "Sprite_8",
                "ctype": "SpriteObjectData"
              }
            ],
            "ActionTag": -267895906,
            "Size": {
              "X": 437.0,
              "Y": 125.0
            },
            "Name": "btnWatch",
            "ctype": "SpriteObjectData"
          },
          {
            "FileData": {
              "Type": "MarkedSubImage",
              "Path": "rank/lottery_watch_text.png",
              "Plist": "csi/csi_34.plist"
            },
            "BlendFunc": {
              "Src": 1,
              "Dst": 771
            },
            "AnchorPoint": {
              "ScaleX": 0.5,
              "ScaleY": 0.5
            },
            "Position": {
              "X": 0.0,
              "Y": -19.0003
            },
            "Scale": {
              "ScaleX": 1.0,
              "ScaleY": 1.0
            },
            "CColor": {},
            "IconVisible": false,
            "PrePosition": {
              "X": 0.0,
              "Y": 0.0
            },
            "PreSize": {
              "X": 0.0,
              "Y": 0.0
            },
            "LeftMargin": -154.5,
            "RightMargin": -154.5,
            "TopMargin": -21.4997,
            "BottomMargin": -59.5003,
            "Tag": 609,
            "ActionTag": 1251309365,
            "Size": {
              "X": 309.0,
              "Y": 81.0
            },
            "Name": "no_heart_text_2",
            "ctype": "SpriteObjectData"
          },
          {
            "FileData": {
              "Type": "MarkedSubImage",
              "Path": "rank/lottery_watch_icon.png",
              "Plist": "csi/csi_34.plist"
            },
            "BlendFunc": {
              "Src": 1,
              "Dst": 771
            },
            "AnchorPoint": {
              "ScaleX": 0.5,
              "ScaleY": 0.5
            },
            "Position": {
              "X": 0.0,
              "Y": 137.9996
            },
            "Scale": {
              "ScaleX": 1.0,
              "ScaleY": 1.0
            },
            "CColor": {},
            "IconVisible": false,
            "PrePosition": {
              "X": 0.0,
              "Y": 0.0
            },
            "PreSize": {
              "X": 0.0,
              "Y": 0.0
            },
            "LeftMargin": -216.0,
            "RightMargin": -216.0,
            "TopMargin": -228.4996,
            "BottomMargin": 47.4996,
            "Tag": 610,
            "ActionTag": 1896001990,
            "Size": {
              "X": 432.0,
              "Y": 181.0
            },
            "Name": "no_heart_3",
            "ctype": "SpriteObjectData"
          },
          {
            "FileData": {
              "Type": "MarkedSubImage",
              "Path": "rank/lottery_watch_tittle.png",
              "Plist": "csi/csi_34.plist"
            },
            "BlendFunc": {
              "Src": 1,
              "Dst": 771
            },
            "AnchorPoint": {
              "ScaleX": 0.5,
              "ScaleY": 0.5
            },
            "Position": {
              "X": -0.9984,
              "Y": 340.9996
            },
            "Scale": {
              "ScaleX": 1.0,
              "ScaleY": 1.0
            },
            "CColor": {},
            "IconVisible": false,
            "PrePosition": {
              "X": 0.0,
              "Y": 0.0
            },
            "PreSize": {
              "X": 0.0,
              "Y": 0.0
            },
            "LeftMargin": -134.9984,
            "RightMargin": -133.0016,
            "TopMargin": -365.9996,
            "BottomMargin": 315.9996,
            "Tag": 608,
            "ActionTag": -275426264,
            "Size": {
              "X": 268.0,
              "Y": 50.0
            },
            "Name": "no_enuugh_1",
            "ctype": "SpriteObjectData"
          },
          {
            "FileData": {
              "Type": "MarkedSubImage",
              "Path": "game/closebtnbg.png",
              "Plist": "csi/csi_1.plist"
            },
            "BlendFunc": {
              "Src": 1,
              "Dst": 771
            },
            "AnchorPoint": {
              "ScaleX": 0.5,
              "ScaleY": 0.5
            },
            "Position": {
              "X": 250.1188,
              "Y": 336.1114
            },
            "Scale": {
              "ScaleX": 0.8,
              "ScaleY": 0.8
            },
            "CColor": {},
            "IconVisible": false,
            "PrePosition": {
              "X": 0.0,
              "Y": 0.0
            },
            "PreSize": {
              "X": 0.0,
              "Y": 0.0
            },
            "LeftMargin": 209.1188,
            "RightMargin": -291.1188,
            "TopMargin": -377.1114,
            "BottomMargin": 295.1114,
            "Tag": 83,
            "ActionTag": 1963253085,
            "Size": {
              "X": 82.0,
              "Y": 82.0
            },
            "Name": "closebtnbg_6",
            "ctype": "SpriteObjectData"
          },
          {
            "FileData": {
              "Type": "MarkedSubImage",
              "Path": "rank/close.png",
              "Plist": "csi/csi_17.plist"
            },
            "BlendFunc": {
              "Src": 1,
              "Dst": 771
            },
            "AnchorPoint": {
              "ScaleX": 0.5,
              "ScaleY": 0.5
            },
            "Position": {
              "X": 250.8229,
              "Y": 336.1096
            },
            "Scale": {
              "ScaleX": 1.0,
              "ScaleY": 1.0
            },
            "CColor": {},
            "IconVisible": false,
            "PrePosition": {
              "X": 0.0,
              "Y": 0.0
            },
            "PreSize": {
              "X": 0.0,
              "Y": 0.0
            },
            "LeftMargin": 224.8229,
            "RightMargin": -276.8229,
            "TopMargin": -362.1096,
            "BottomMargin": 310.1096,
            "Tag": 6,
            "ActionTag": 1370429161,
            "Size": {
              "X": 52.0,
              "Y": 52.0
            },
            "Name": "btnClose",
            "ctype": "SpriteObjectData"
          }
        ],
        "Size": {
          "X": 0.0,
          "Y": 0.0
        },
        "Name": "Node",
        "ctype": "SingleNodeObjectData"
      },
      "UsedResources": [
        "../csi/csi_1.plist",
        "../csi/csi_1.png",
        "../csi/csi_17.plist",
        "../csi/csi_17.png",
        "../csi/csi_34.plist",
        "../csi/csi_34.png",
        "../csi/csi_5.plist",
        "../csi/csi_5.png",
        "../csi/scaleplist.plist",
        "../csi/scaleplist.png"
      ],
      "ctype": "GameFileData"
    }
  },
  "Type": "Node"
}