{
  "ID": "f87baaa1-a8fa-4b07-8377-f5456174b570",
  "Version": "3.10.0.0",
  "Name": "lottery",
  "Content": {
    "Content": {
      "Animation": {
        "Duration": 0,
        "Speed": 1.0,
        "Timelines": [],
        "ctype": "TimelineActionData"
      },
      "AnimationList": [],
      "ObjectData": {
        "Tag": 49,
        "Children": [
          {
            "FileData": {
              "Type": "Normal",
              "Path": "game/bg.jpg",
              "Plist": ""
            },
            "BlendFunc": {
              "Src": 770,
              "Dst": 771
            },
            "AnchorPoint": {
              "ScaleX": 0.5,
              "ScaleY": 0.5
            },
            "Position": {
              "X": 360.0,
              "Y": 640.0
            },
            "Scale": {
              "ScaleX": 4.0,
              "ScaleY": 4.0
            },
            "CColor": {},
            "IconVisible": false,
            "PrePosition": {
              "X": 0.5,
              "Y": 0.5
            },
            "PreSize": {
              "X": 0.25,
              "Y": 0.25
            },
            "LeftMargin": 270.0,
            "RightMargin": 270.0,
            "TopMargin": 480.0,
            "BottomMargin": 480.0,
            "Tag": 51,
            "ActionTag": -2110898663,
            "Size": {
              "X": 180.0,
              "Y": 320.0
            },
            "Name": "bg_2",
            "ctype": "SpriteObjectData"
          },
          {
            "FileData": {
              "Type": "MarkedSubImage",
              "Path": "lottery/circle_frame.png",
              "Plist": "csi/csi_6.plist"
            },
            "BlendFunc": {
              "Src": 1,
              "Dst": 771
            },
            "AnchorPoint": {
              "ScaleX": 0.5,
              "ScaleY": 0.5
            },
            "Position": {
              "X": 358.987,
              "Y": 776.7849
            },
            "Scale": {
              "ScaleX": 1.0,
              "ScaleY": 1.0
            },
            "CColor": {},
            "IconVisible": false,
            "PrePosition": {
              "X": 0.4986,
              "Y": 0.6069
            },
            "PreSize": {
              "X": 0.8722,
              "Y": 0.4906
            },
            "LeftMargin": 44.987,
            "RightMargin": 47.013,
            "TopMargin": 189.2151,
            "BottomMargin": 462.7849,
            "Tag": 146,
            "ActionTag": 2005593277,
            "Size": {
              "X": 628.0,
              "Y": 628.0
            },
            "Name": "circle_frame_1",
            "ctype": "SpriteObjectData"
          },
          {
            "FileData": {
              "Type": "MarkedSubImage",
              "Path": "lottery/bg_frame1.png",
              "Plist": "csi/scaleplist.plist"
            },
            "Scale9Enable": true,
            "Scale9OriginX": 79,
            "Scale9OriginY": 79,
            "Scale9Width": 82,
            "Scale9Height": 82,
            "AnchorPoint": {
              "ScaleX": 0.5,
              "ScaleY": 0.5
            },
            "Position": {
              "X": 360.0,
              "Y": 284.0
            },
            "Scale": {
              "ScaleX": 1.0,
              "ScaleY": 1.0
            },
            "CColor": {},
            "IconVisible": false,
            "PrePosition": {
              "X": 0.5,
              "Y": 0.2219
            },
            "PreSize": {
              "X": 0.7722,
              "Y": 0.2625
            },
            "LeftMargin": 82.0,
            "RightMargin": 82.0,
            "TopMargin": 828.0,
            "BottomMargin": 116.0,
            "Tag": 179,
            "ActionTag": 273371620,
            "Size": {
              "X": 556.0,
              "Y": 336.0
            },
            "Name": "Image_1",
            "ctype": "ImageViewObjectData"
          },
          {
            "FileData": {
              "Type": "MarkedSubImage",
              "Path": "lottery/circle.png",
              "Plist": "csi/csi_4.plist"
            },
            "BlendFunc": {
              "Src": 1,
              "Dst": 771
            },
            "AnchorPoint": {
              "ScaleX": 0.5,
              "ScaleY": 0.5
            },
            "Position": {
              "X": 360.0,
              "Y": 790.0051
            },
            "Scale": {
              "ScaleX": 1.0,
              "ScaleY": 1.0
            },
            "CColor": {},
            "IconVisible": false,
            "PrePosition": {
              "X": 0.5,
              "Y": 0.6172
            },
            "PreSize": {
              "X": 0.8194,
              "Y": 0.4609
            },
            "LeftMargin": 65.0,
            "RightMargin": 65.0,
            "TopMargin": 194.9949,
            "BottomMargin": 495.0051,
            "Tag": 50,
            "Children": [
              {
                "FileData": {
                  "Type": "MarkedSubImage",
                  "Path": "shop/diamond_3.png",
                  "Plist": "csi/csi_17.plist"
                },
                "BlendFunc": {
                  "Src": 1,
                  "Dst": 771
                },
                "AnchorPoint": {
                  "ScaleX": 0.5,
                  "ScaleY": 0.5
                },
                "Position": {
                  "X": 301.0,
                  "Y": 510.0
                },
                "Scale": {
                  "ScaleX": 1.0,
                  "ScaleY": 1.0
                },
                "CColor": {},
                "IconVisible": false,
                "PrePosition": {
                  "X": 0.5102,
                  "Y": 0.8644
                },
                "PreSize": {
                  "X": 0.1508,
                  "Y": 0.1254
                },
                "LeftMargin": 256.5,
                "RightMargin": 244.5,
                "TopMargin": 43.0,
                "BottomMargin": 473.0,
                "Tag": 65,
                "ActionTag": -1583609187,
                "Size": {
                  "X": 89.0,
                  "Y": 74.0
                },
                "Name": "item1",
                "ctype": "SpriteObjectData"
              },
              {
                "FontSize": 20,
                "LabelText": "Text Label",
                "HorizontalAlignmentType": "HT_Center",
                "VerticalAlignmentType": "VT_Center",
                "OutlineColor": {
                  "G": 0,
                  "B": 0
                },
                "ShadowColor": {
                  "R": 110,
                  "G": 110,
                  "B": 110
                },
                "ShadowOffsetX": 2.0,
                "ShadowOffsetY": -2.0,
                "AnchorPoint": {
                  "ScaleX": 0.5,
                  "ScaleY": 0.5
                },
                "Position": {
                  "X": 300.0,
                  "Y": 452.0
                },
                "Scale": {
                  "ScaleX": 1.0,
                  "ScaleY": 1.0
                },
                "CColor": {},
                "IconVisible": false,
                "PrePosition": {
                  "X": 0.5085,
                  "Y": 0.7661
                },
                "PreSize": {
                  "X": 0.1695,
                  "Y": 0.0339
                },
                "LeftMargin": 250.0,
                "RightMargin": 240.0,
                "TopMargin": 128.0,
                "BottomMargin": 442.0,
                "Tag": 205,
                "ActionTag": -967861522,
                "Size": {
                  "X": 100.0,
                  "Y": 20.0
                },
                "Name": "aw_fnttype14_text1",
                "ctype": "TextObjectData"
              },
              {
                "FileData": {
                  "Type": "MarkedSubImage",
                  "Path": "choose_map/power.png",
                  "Plist": "csi/csi_10.plist"
                },
                "BlendFunc": {
                  "Src": 1,
                  "Dst": 771
                },
                "AnchorPoint": {
                  "ScaleX": 0.5,
                  "ScaleY": 0.5
                },
                "Position": {
                  "X": 454.0,
                  "Y": 442.0
                },
                "Scale": {
                  "ScaleX": 1.0,
                  "ScaleY": 1.0
                },
                "RotationSkewX": 38.37,
                "RotationSkewY": 36.3719,
                "CColor": {},
                "IconVisible": false,
                "PrePosition": {
                  "X": 0.7695,
                  "Y": 0.7492
                },
                "PreSize": {
                  "X": 0.1102,
                  "Y": 0.1
                },
                "LeftMargin": 421.5,
                "RightMargin": 103.5,
                "TopMargin": 118.5,
                "BottomMargin": 412.5,
                "Tag": 66,
                "ActionTag": 1881062591,
                "Size": {
                  "X": 65.0,
                  "Y": 59.0
                },
                "Name": "item2",
                "ctype": "SpriteObjectData"
              },
              {
                "FontSize": 20,
                "LabelText": "Text Label",
                "HorizontalAlignmentType": "HT_Center",
                "VerticalAlignmentType": "VT_Center",
                "OutlineColor": {
                  "G": 0,
                  "B": 0
                },
                "ShadowColor": {
                  "R": 110,
                  "G": 110,
                  "B": 110
                },
                "ShadowOffsetX": 2.0,
                "ShadowOffsetY": -2.0,
                "AnchorPoint": {
                  "ScaleX": 0.5,
                  "ScaleY": 0.5
                },
                "Position": {
                  "X": 418.0,
                  "Y": 406.0
                },
                "Scale": {
                  "ScaleX": 1.0,
                  "ScaleY": 1.0
                },
                "RotationSkewX": 43.1006,
                "RotationSkewY": 43.1006,
                "CColor": {},
                "IconVisible": false,
                "PrePosition": {
                  "X": 0.7085,
                  "Y": 0.6881
                },
                "PreSize": {
                  "X": 0.1695,
                  "Y": 0.0339
                },
                "LeftMargin": 368.0,
                "RightMargin": 122.0,
                "TopMargin": 174.0,
                "BottomMargin": 396.0,
                "Tag": 204,
                "ActionTag": -532381374,
                "Size": {
                  "X": 100.0,
                  "Y": 20.0
                },
                "Name": "aw_fnttype14_text2",
                "ctype": "TextObjectData"
              },
              {
                "FileData": {
                  "Type": "MarkedSubImage",
                  "Path": "shop/diamond_3.png",
                  "Plist": "csi/csi_17.plist"
                },
                "BlendFunc": {
                  "Src": 1,
                  "Dst": 771
                },
                "AnchorPoint": {
                  "ScaleX": 0.5,
                  "ScaleY": 0.5
                },
                "Position": {
                  "X": 506.0,
                  "Y": 296.0
                },
                "Scale": {
                  "ScaleX": 1.0,
                  "ScaleY": 1.0
                },
                "RotationSkewX": 82.8546,
                "RotationSkewY": 82.8546,
                "CColor": {},
                "IconVisible": false,
                "PrePosition": {
                  "X": 0.8576,
                  "Y": 0.5017
                },
                "PreSize": {
                  "X": 0.1508,
                  "Y": 0.1254
                },
                "LeftMargin": 461.5,
                "RightMargin": 39.5,
                "TopMargin": 257.0,
                "BottomMargin": 259.0,
                "Tag": 34,
                "ActionTag": -1862246544,
                "Size": {
                  "X": 89.0,
                  "Y": 74.0
                },
                "Name": "item3",
                "ctype": "SpriteObjectData"
              },
              {
                "FontSize": 20,
                "LabelText": "Text Label",
                "HorizontalAlignmentType": "HT_Center",
                "VerticalAlignmentType": "VT_Center",
                "OutlineColor": {
                  "G": 0,
                  "B": 0
                },
                "ShadowColor": {
                  "R": 110,
                  "G": 110,
                  "B": 110
                },
                "ShadowOffsetX": 2.0,
                "ShadowOffsetY": -2.0,
                "AnchorPoint": {
                  "ScaleX": 0.5,
                  "ScaleY": 0.5
                },
                "Position": {
                  "X": 455.0,
                  "Y": 291.0
                },
                "Scale": {
                  "ScaleX": 1.0,
                  "ScaleY": 1.0
                },
                "RotationSkewX": 84.3712,
                "RotationSkewY": 84.3712,
                "CColor": {},
                "IconVisible": false,
                "PrePosition": {
                  "X": 0.7712,
                  "Y": 0.4932
                },
                "PreSize": {
                  "X": 0.1695,
                  "Y": 0.0339
                },
                "LeftMargin": 405.0,
                "RightMargin": 85.0,
                "TopMargin": 289.0,
                "BottomMargin": 281.0,
                "Tag": 206,
                "ActionTag": 641660248,
                "Size": {
                  "X": 100.0,
                  "Y": 20.0
                },
                "Name": "aw_fnttype14_text3",
                "ctype": "TextObjectData"
              },
              {
                "FileData": {
                  "Type": "MarkedSubImage",
                  "Path": "choose_map/power.png",
                  "Plist": "csi/csi_10.plist"
                },
                "BlendFunc": {
                  "Src": 1,
                  "Dst": 771
                },
                "AnchorPoint": {
                  "ScaleX": 0.5,
                  "ScaleY": 0.5
                },
                "Position": {
                  "X": 449.0,
                  "Y": 150.0
                },
                "Scale": {
                  "ScaleX": 1.0,
                  "ScaleY": 1.0
                },
                "RotationSkewX": 125.4003,
                "RotationSkewY": 125.3959,
                "CColor": {},
                "IconVisible": false,
                "PrePosition": {
                  "X": 0.761,
                  "Y": 0.2542
                },
                "PreSize": {
                  "X": 0.1102,
                  "Y": 0.1
                },
                "LeftMargin": 416.5,
                "RightMargin": 108.5,
                "TopMargin": 410.5,
                "BottomMargin": 120.5,
                "Tag": 35,
                "ActionTag": 390525598,
                "Size": {
                  "X": 65.0,
                  "Y": 59.0
                },
                "Name": "item4",
                "ctype": "SpriteObjectData"
              },
              {
                "FontSize": 20,
                "LabelText": "Text Label",
                "HorizontalAlignmentType": "HT_Center",
                "VerticalAlignmentType": "VT_Center",
                "OutlineColor": {
                  "G": 0,
                  "B": 0
                },
                "ShadowColor": {
                  "R": 110,
                  "G": 110,
                  "B": 110
                },
                "ShadowOffsetX": 2.0,
                "ShadowOffsetY": -2.0,
                "AnchorPoint": {
                  "ScaleX": 0.5,
                  "ScaleY": 0.5
                },
                "Position": {
                  "X": 414.0,
                  "Y": 180.0
                },
                "Scale": {
                  "ScaleX": 1.0,
                  "ScaleY": 1.0
                },
                "RotationSkewX": 131.4889,
                "RotationSkewY": 131.4889,
                "CColor": {},
                "IconVisible": false,
                "PrePosition": {
                  "X": 0.7017,
                  "Y": 0.3051
                },
                "PreSize": {
                  "X": 0.1695,
                  "Y": 0.0339
                },
                "LeftMargin": 364.0,
                "RightMargin": 126.0,
                "TopMargin": 400.0,
                "BottomMargin": 170.0,
                "Tag": 207,
                "ActionTag": 513773553,
                "Size": {
                  "X": 100.0,
                  "Y": 20.0
                },
                "Name": "aw_fnttype14_text4",
                "ctype": "TextObjectData"
              },
              {
                "FileData": {
                  "Type": "MarkedSubImage",
                  "Path": "element/bomb.png",
                  "Plist": "csi/csi_10.plist"
                },
                "BlendFunc": {
                  "Src": 1,
                  "Dst": 771
                },
                "AnchorPoint": {
                  "ScaleX": 0.5,
                  "ScaleY": 0.5
                },
                "Position": {
                  "X": 294.0,
                  "Y": 92.0
                },
                "Scale": {
                  "ScaleX": 1.0,
                  "ScaleY": 1.0
                },
                "RotationSkewX": -149.3722,
                "RotationSkewY": -149.3763,
                "CColor": {},
                "IconVisible": false,
                "PrePosition": {
                  "X": 0.4983,
                  "Y": 0.1559
                },
                "PreSize": {
                  "X": 0.1424,
                  "Y": 0.1424
                },
                "LeftMargin": 252.0,
                "RightMargin": 254.0,
                "TopMargin": 456.0,
                "BottomMargin": 50.0,
                "Tag": 36,
                "ActionTag": 601375700,
                "Size": {
                  "X": 84.0,
                  "Y": 84.0
                },
                "Name": "item5",
                "ctype": "SpriteObjectData"
              },
              {
                "FontSize": 20,
                "LabelText": "Text Label",
                "HorizontalAlignmentType": "HT_Center",
                "VerticalAlignmentType": "VT_Center",
                "OutlineColor": {
                  "G": 0,
                  "B": 0
                },
                "ShadowColor": {
                  "R": 110,
                  "G": 110,
                  "B": 110
                },
                "ShadowOffsetX": 2.0,
                "ShadowOffsetY": -2.0,
                "AnchorPoint": {
                  "ScaleX": 0.5,
                  "ScaleY": 0.5
                },
                "Position": {
                  "X": 300.0,
                  "Y": 145.0
                },
                "Scale": {
                  "ScaleX": 1.0,
                  "ScaleY": 1.0
                },
                "RotationSkewX": 185.0984,
                "RotationSkewY": 185.1011,
                "CColor": {},
                "IconVisible": false,
                "PrePosition": {
                  "X": 0.5085,
                  "Y": 0.2458
                },
                "PreSize": {
                  "X": 0.1695,
                  "Y": 0.0339
                },
                "LeftMargin": 250.0,
                "RightMargin": 240.0,
                "TopMargin": 435.0,
                "BottomMargin": 135.0,
                "Tag": 208,
                "ActionTag": -1850344926,
                "Size": {
                  "X": 100.0,
                  "Y": 20.0
                },
                "Name": "aw_fnttype14_text5",
                "ctype": "TextObjectData"
              },
              {
                "FileData": {
                  "Type": "MarkedSubImage",
                  "Path": "element/color_pudding.png",
                  "Plist": "csi/csi_14.plist"
                },
                "BlendFunc": {
                  "Src": 1,
                  "Dst": 771
                },
                "AnchorPoint": {
                  "ScaleX": 0.5,
                  "ScaleY": 0.5
                },
                "Position": {
                  "X": 140.0,
                  "Y": 145.0
                },
                "Scale": {
                  "ScaleX": 1.0,
                  "ScaleY": 1.0
                },
                "RotationSkewX": -128.8482,
                "RotationSkewY": -128.8526,
                "CColor": {},
                "IconVisible": false,
                "PrePosition": {
                  "X": 0.2373,
                  "Y": 0.2458
                },
                "PreSize": {
                  "X": 0.1424,
                  "Y": 0.1424
                },
                "LeftMargin": 98.0,
                "RightMargin": 408.0,
                "TopMargin": 403.0,
                "BottomMargin": 103.0,
                "Tag": 37,
                "ActionTag": -1127332856,
                "Size": {
                  "X": 84.0,
                  "Y": 84.0
                },
                "Name": "item6",
                "ctype": "SpriteObjectData"
              },
              {
                "FileData": {
                  "Type": "MarkedSubImage",
                  "Path": "element/magic_stick.png",
                  "Plist": "csi/csi_14.plist"
                },
                "BlendFunc": {
                  "Src": 1,
                  "Dst": 771
                },
                "AnchorPoint": {
                  "ScaleX": 0.5,
                  "ScaleY": 0.5
                },
                "Position": {
                  "X": 86.0,
                  "Y": 291.0
                },
                "Scale": {
                  "ScaleX": 1.0,
                  "ScaleY": 1.0
                },
                "RotationSkewX": -103.4289,
                "RotationSkewY": -103.4234,
                "CColor": {},
                "IconVisible": false,
                "PrePosition": {
                  "X": 0.1458,
                  "Y": 0.4932
                },
                "PreSize": {
                  "X": 0.1864,
                  "Y": 0.1864
                },
                "LeftMargin": 31.0,
                "RightMargin": 449.0,
                "TopMargin": 244.0,
                "BottomMargin": 236.0,
                "Tag": 38,
                "ActionTag": -2013228663,
                "Size": {
                  "X": 110.0,
                  "Y": 110.0
                },
                "Name": "item7",
                "ctype": "SpriteObjectData"
              },
              {
                "FileData": {
                  "Type": "MarkedSubImage",
                  "Path": "element/small_bucket.png",
                  "Plist": "csi/csi_14.plist"
                },
                "BlendFunc": {
                  "Src": 1,
                  "Dst": 771
                },
                "AnchorPoint": {
                  "ScaleX": 0.5,
                  "ScaleY": 0.5
                },
                "Position": {
                  "X": 141.0,
                  "Y": 444.0
                },
                "Scale": {
                  "ScaleX": 1.0,
                  "ScaleY": 1.0
                },
                "RotationSkewX": -15.3569,
                "RotationSkewY": -15.3642,
                "CColor": {},
                "IconVisible": false,
                "PrePosition": {
                  "X": 0.239,
                  "Y": 0.7525
                },
                "PreSize": {
                  "X": 0.1864,
                  "Y": 0.1864
                },
                "LeftMargin": 86.0,
                "RightMargin": 394.0,
                "TopMargin": 91.0,
                "BottomMargin": 389.0,
                "Tag": 39,
                "ActionTag": 775573542,
                "Size": {
                  "X": 110.0,
                  "Y": 110.0
                },
                "Name": "item8",
                "ctype": "SpriteObjectData"
              },
              {
                "FontSize": 20,
                "LabelText": "Text Label",
                "HorizontalAlignmentType": "HT_Center",
                "VerticalAlignmentType": "VT_Center",
                "OutlineColor": {
                  "G": 0,
                  "B": 0
                },
                "ShadowColor": {
                  "R": 110,
                  "G": 110,
                  "B": 110
                },
                "ShadowOffsetX": 2.0,
                "ShadowOffsetY": -2.0,
                "AnchorPoint": {
                  "ScaleX": 0.5,
                  "ScaleY": 0.5
                },
                "Position": {
                  "X": 187.0,
                  "Y": 187.0
                },
                "Scale": {
                  "ScaleX": 1.0,
                  "ScaleY": 1.0
                },
                "RotationSkewX": 225.2788,
                "RotationSkewY": 225.28,
                "CColor": {},
                "IconVisible": false,
                "PrePosition": {
                  "X": 0.3169,
                  "Y": 0.3169
                },
                "PreSize": {
                  "X": 0.1695,
                  "Y": 0.0339
                },
                "LeftMargin": 137.0,
                "RightMargin": 353.0,
                "TopMargin": 393.0,
                "BottomMargin": 177.0,
                "Tag": 209,
                "ActionTag": 697423375,
                "Size": {
                  "X": 100.0,
                  "Y": 20.0
                },
                "Name": "aw_fnttype14_text6",
                "ctype": "TextObjectData"
              },
              {
                "FontSize": 20,
                "LabelText": "Text Label",
                "HorizontalAlignmentType": "HT_Center",
                "VerticalAlignmentType": "VT_Center",
                "OutlineColor": {
                  "G": 0,
                  "B": 0
                },
                "ShadowColor": {
                  "R": 110,
                  "G": 110,
                  "B": 110
                },
                "ShadowOffsetX": 2.0,
                "ShadowOffsetY": -2.0,
                "AnchorPoint": {
                  "ScaleX": 0.5,
                  "ScaleY": 0.5
                },
                "Position": {
                  "X": 144.0,
                  "Y": 294.0
                },
                "Scale": {
                  "ScaleX": 1.0,
                  "ScaleY": 1.0
                },
                "RotationSkewX": 264.2201,
                "RotationSkewY": 264.2174,
                "CColor": {},
                "IconVisible": false,
                "PrePosition": {
                  "X": 0.2441,
                  "Y": 0.4983
                },
                "PreSize": {
                  "X": 0.1695,
                  "Y": 0.0339
                },
                "LeftMargin": 94.0,
                "RightMargin": 396.0,
                "TopMargin": 286.0,
                "BottomMargin": 284.0,
                "Tag": 210,
                "ActionTag": -1892618057,
                "Size": {
                  "X": 100.0,
                  "Y": 20.0
                },
                "Name": "aw_fnttype14_text7",
                "ctype": "TextObjectData"
              },
              {
                "FontSize": 20,
                "LabelText": "Text Label",
                "HorizontalAlignmentType": "HT_Center",
                "VerticalAlignmentType": "VT_Center",
                "OutlineColor": {
                  "G": 0,
                  "B": 0
                },
                "ShadowColor": {
                  "R": 110,
                  "G": 110,
                  "B": 110
                },
                "ShadowOffsetX": 2.0,
                "ShadowOffsetY": -2.0,
                "AnchorPoint": {
                  "ScaleX": 0.5,
                  "ScaleY": 0.5
                },
                "Position": {
                  "X": 182.0,
                  "Y": 400.0
                },
                "Scale": {
                  "ScaleX": 1.0,
                  "ScaleY": 1.0
                },
                "RotationSkewX": 322.5789,
                "RotationSkewY": 322.5789,
                "CColor": {},
                "IconVisible": false,
                "PrePosition": {
                  "X": 0.3085,
                  "Y": 0.678
                },
                "PreSize": {
                  "X": 0.1695,
                  "Y": 0.0339
                },
                "LeftMargin": 132.0,
                "RightMargin": 358.0,
                "TopMargin": 180.0,
                "BottomMargin": 390.0,
                "Tag": 211,
                "ActionTag": -293480951,
                "Size": {
                  "X": 100.0,
                  "Y": 20.0
                },
                "Name": "aw_fnttype14_text8",
                "ctype": "TextObjectData"
              }
            ],
            "ActionTag": -550842563,
            "Size": {
              "X": 590.0,
              "Y": 590.0
            },
            "Name": "circle",
            "ctype": "SpriteObjectData"
          },
          {
            "FileData": {
              "Type": "MarkedSubImage",
              "Path": "lottery/tree.png",
              "Plist": "csi/csi_4.plist"
            },
            "BlendFunc": {
              "Src": 1,
              "Dst": 771
            },
            "AnchorPoint": {
              "ScaleX": 0.5,
              "ScaleY": 1.0
            },
            "Position": {
              "X": 618.5044,
              "Y": 1281.4163
            },
            "Scale": {
              "ScaleX": 1.0,
              "ScaleY": 1.0
            },
            "CColor": {},
            "IconVisible": false,
            "PrePosition": {
              "X": 0.859,
              "Y": 1.0011
            },
            "PreSize": {
              "X": 0.2819,
              "Y": 0.1563
            },
            "LeftMargin": 517.0044,
            "RightMargin": -0.0044,
            "TopMargin": -1.4163,
            "BottomMargin": 1081.4163,
            "Tag": 52,
            "ActionTag": -604413507,
            "Size": {
              "X": 203.0,
              "Y": 200.0
            },
            "Name": "tree",
            "ctype": "SpriteObjectData"
          },
          {
            "FileData": {
              "Type": "MarkedSubImage",
              "Path": "sign/close_y.png",
              "Plist": "csi/csi_2.plist"
            },
            "BlendFunc": {
              "Src": 1,
              "Dst": 771
            },
            "AnchorPoint": {
              "ScaleX": 0.5,
              "ScaleY": 0.5
            },
            "Position": {
              "X": 670.6502,
              "Y": 1215.8523
            },
            "Scale": {
              "ScaleX": 1.0,
              "ScaleY": 1.0
            },
            "CColor": {},
            "IconVisible": false,
            "PrePosition": {
              "X": 0.9315,
              "Y": 0.9499
            },
            "PreSize": {
              "X": 0.1292,
              "Y": 0.0727
            },
            "LeftMargin": 624.1502,
            "RightMargin": 2.8498,
            "TopMargin": 17.6477,
            "BottomMargin": 1169.3523,
            "Tag": 53,
            "ActionTag": 805495364,
            "Size": {
              "X": 93.0,
              "Y": 93.0
            },
            "Name": "btnClose",
            "ctype": "SpriteObjectData"
          },
          {
            "FileData": {
              "Type": "MarkedSubImage",
              "Path": "lottery/triangle.png",
              "Plist": "csi/csi_14.plist"
            },
            "BlendFunc": {
              "Src": 1,
              "Dst": 771
            },
            "AnchorPoint": {
              "ScaleX": 0.5,
              "ScaleY": 0.5
            },
            "Position": {
              "X": 360.0001,
              "Y": 952.3168
            },
            "Scale": {
              "ScaleX": 1.0,
              "ScaleY": 1.0
            },
            "CColor": {},
            "IconVisible": false,
            "PrePosition": {
              "X": 0.5,
              "Y": 0.744
            },
            "PreSize": {
              "X": 0.4236,
              "Y": 0.2961
            },
            "LeftMargin": 207.5001,
            "RightMargin": 207.4999,
            "TopMargin": 138.1832,
            "BottomMargin": 762.8168,
            "Tag": 54,
            "ActionTag": -1941150973,
            "Size": {
              "X": 305.0,
              "Y": 379.0
            },
            "Name": "triangle_5",
            "ctype": "SpriteObjectData"
          },
          {
            "FileData": {
              "Type": "MarkedSubImage",
              "Path": "lottery/small_circle.png",
              "Plist": "csi/csi_3.plist"
            },
            "BlendFunc": {
              "Src": 1,
              "Dst": 771
            },
            "AnchorPoint": {
              "ScaleX": 0.5,
              "ScaleY": 0.5
            },
            "Position": {
              "X": 360.0001,
              "Y": 791.0072
            },
            "Scale": {
              "ScaleX": 1.0,
              "ScaleY": 1.0
            },
            "CColor": {},
            "IconVisible": false,
            "PrePosition": {
              "X": 0.5,
              "Y": 0.618
            },
            "PreSize": {
              "X": 0.4861,
              "Y": 0.2727
            },
            "LeftMargin": 185.0001,
            "RightMargin": 184.9999,
            "TopMargin": 314.4928,
            "BottomMargin": 616.5072,
            "Tag": 55,
            "Children": [
              {
                "FileData": {
                  "Type": "MarkedSubImage",
                  "Path": "lottery/spin.png",
                  "Plist": "csi/csi_3.plist"
                },
                "BlendFunc": {
                  "Src": 1,
                  "Dst": 771
                },
                "AnchorPoint": {
                  "ScaleX": 0.5,
                  "ScaleY": 0.5
                },
                "Position": {
                  "X": 176.344,
                  "Y": 207.7592
                },
                "Scale": {
                  "ScaleX": 1.0,
                  "ScaleY": 1.0
                },
                "CColor": {},
                "IconVisible": false,
                "PrePosition": {
                  "X": 0.5038,
                  "Y": 0.5953
                },
                "PreSize": {
                  "X": 0.5257,
                  "Y": 0.2206
                },
                "LeftMargin": 84.344,
                "RightMargin": 81.656,
                "TopMargin": 102.7408,
                "BottomMargin": 169.2592,
                "Tag": 56,
                "ActionTag": -280907206,
                "Size": {
                  "X": 184.0,
                  "Y": 77.0
                },
                "Name": "spin",
                "ctype": "SpriteObjectData"
              },
              {
                "FileData": {
                  "Type": "MarkedSubImage",
                  "Path": "lottery/diamond_frame.png",
                  "Plist": "csi/csi_3.plist"
                },
                "BlendFunc": {
                  "Src": 1,
                  "Dst": 771
                },
                "AnchorPoint": {
                  "ScaleX": 0.5,
                  "ScaleY": 0.5
                },
                "Position": {
                  "X": 171.8092,
                  "Y": 123.2484
                },
                "Scale": {
                  "ScaleX": 1.0,
                  "ScaleY": 1.0
                },
                "CColor": {},
                "IconVisible": false,
                "PrePosition": {
                  "X": 0.4909,
                  "Y": 0.3531
                },
                "PreSize": {
                  "X": 0.4086,
                  "Y": 0.1433
                },
                "LeftMargin": 100.3092,
                "RightMargin": 106.6908,
                "TopMargin": 200.7516,
                "BottomMargin": 98.2484,
                "Tag": 57,
                "ActionTag": 473911906,
                "Size": {
                  "X": 143.0,
                  "Y": 50.0
                },
                "Name": "frame",
                "ctype": "SpriteObjectData"
              },
              {
                "FileData": {
                  "Type": "MarkedSubImage",
                  "Path": "lottery/free.png",
                  "Plist": "csi/csi_29.plist"
                },
                "BlendFunc": {
                  "Src": 1,
                  "Dst": 771
                },
                "AnchorPoint": {
                  "ScaleX": 0.5,
                  "ScaleY": 0.5
                },
                "Position": {
                  "X": 177.8864,
                  "Y": 124.9565
                },
                "Scale": {
                  "ScaleX": 1.0,
                  "ScaleY": 1.0
                },
                "CColor": {},
                "IconVisible": false,
                "PrePosition": {
                  "X": 0.5082,
                  "Y": 0.358
                },
                "PreSize": {
                  "X": 0.24,
                  "Y": 0.0602
                },
                "LeftMargin": 135.8864,
                "RightMargin": 130.1136,
                "TopMargin": 213.5435,
                "BottomMargin": 114.4565,
                "Tag": 1093,
                "ActionTag": 1123151459,
                "Size": {
                  "X": 84.0,
                  "Y": 21.0
                },
                "Name": "free",
                "ctype": "SpriteObjectData"
              },
              {
                "FontSize": 20,
                "LabelText": "Text Label",
                "HorizontalAlignmentType": "HT_Center",
                "VerticalAlignmentType": "VT_Center",
                "OutlineColor": {
                  "G": 0,
                  "B": 0
                },
                "ShadowColor": {
                  "R": 110,
                  "G": 110,
                  "B": 110
                },
                "ShadowOffsetX": 2.0,
                "ShadowOffsetY": -2.0,
                "AnchorPoint": {
                  "ScaleX": 0.5,
                  "ScaleY": 0.5
                },
                "Position": {
                  "X": 192.9916,
                  "Y": 124.8018
                },
                "Scale": {
                  "ScaleX": 1.2,
                  "ScaleY": 1.2
                },
                "CColor": {},
                "IconVisible": false,
                "PrePosition": {
                  "X": 0.5514,
                  "Y": 0.3576
                },
                "PreSize": {
                  "X": 0.2857,
                  "Y": 0.0573
                },
                "LeftMargin": 142.9916,
                "RightMargin": 107.0084,
                "TopMargin": 214.1982,
                "BottomMargin": 114.8018,
                "Tag": 202,
                "ActionTag": 312813765,
                "Size": {
                  "X": 100.0,
                  "Y": 20.0
                },
                "Name": "aw_fnttype11_costNum",
                "ctype": "TextObjectData"
              },
              {
                "FileData": {
                  "Type": "MarkedSubImage",
                  "Path": "rank/lottery_watch.png",
                  "Plist": "csi/csi_8.plist"
                },
                "BlendFunc": {
                  "Src": 1,
                  "Dst": 771
                },
                "AnchorPoint": {
                  "ScaleX": 0.5,
                  "ScaleY": 0.5
                },
                "Position": {
                  "X": 173.7494,
                  "Y": 124.7079
                },
                "Scale": {
                  "ScaleX": 1.0,
                  "ScaleY": 1.0
                },
                "CColor": {},
                "IconVisible": false,
                "PrePosition": {
                  "X": 0.4964,
                  "Y": 0.3573
                },
                "PreSize": {
                  "X": 0.4229,
                  "Y": 0.1404
                },
                "LeftMargin": 99.7494,
                "RightMargin": 102.2506,
                "TopMargin": 199.7921,
                "BottomMargin": 100.2079,
                "Tag": 293,
                "ActionTag": -1213123740,
                "Size": {
                  "X": 148.0,
                  "Y": 49.0
                },
                "VisibleForFrame": false,
                "Name": "btnWatch",
                "ctype": "SpriteObjectData"
              },
              {
                "FontSize": 20,
                "LabelText": "Text Label",
                "HorizontalAlignmentType": "HT_Center",
                "VerticalAlignmentType": "VT_Center",
                "OutlineColor": {
                  "G": 0,
                  "B": 0
                },
                "ShadowColor": {
                  "R": 110,
                  "G": 110,
                  "B": 110
                },
                "ShadowOffsetX": 2.0,
                "ShadowOffsetY": -2.0,
                "AnchorPoint": {
                  "ScaleX": 0.5,
                  "ScaleY": 0.5
                },
                "Position": {
                  "X": 218.0,
                  "Y": 122.0
                },
                "Scale": {
                  "ScaleX": 1.0,
                  "ScaleY": 1.0
                },
                "CColor": {},
                "IconVisible": false,
                "PrePosition": {
                  "X": 0.6229,
                  "Y": 0.3496
                },
                "PreSize": {
                  "X": 0.2857,
                  "Y": 0.0573
                },
                "LeftMargin": 168.0,
                "RightMargin": 82.0,
                "TopMargin": 217.0,
                "BottomMargin": 112.0,
                "Tag": 203,
                "ActionTag": -879085928,
                "Size": {
                  "X": 100.0,
                  "Y": 20.0
                },
                "VisibleForFrame": false,
                "Name": "aw_fnttype11_freeNum",
                "ctype": "TextObjectData"
              },
              {
                "FileData": {
                  "Type": "MarkedSubImage",
                  "Path": "lottery/invite.png",
                  "Plist": "csi/csi_9.plist"
                },
                "BlendFunc": {
                  "Src": 1,
                  "Dst": 771
                },
                "AnchorPoint": {
                  "ScaleX": 0.5,
                  "ScaleY": 0.5
                },
                "Position": {
                  "X": 173.8231,
                  "Y": 125.8323
                },
                "Scale": {
                  "ScaleX": 1.0,
                  "ScaleY": 1.0
                },
                "CColor": {},
                "IconVisible": false,
                "PrePosition": {
                  "X": 0.4966,
                  "Y": 0.3606
                },
                "PreSize": {
                  "X": 0.4229,
                  "Y": 0.1404
                },
                "LeftMargin": 99.8231,
                "RightMargin": 102.1769,
                "TopMargin": 198.6677,
                "BottomMargin": 101.3323,
                "Tag": 154,
                "ActionTag": 1561042610,
                "Size": {
                  "X": 148.0,
                  "Y": 49.0
                },
                "VisibleForFrame": false,
                "Name": "invite",
                "ctype": "SpriteObjectData"
              }
            ],
            "ActionTag": 2101253793,
            "Size": {
              "X": 350.0,
              "Y": 349.0
            },
            "Name": "small_circle",
            "ctype": "SpriteObjectData"
          },
          {
            "IsCustomSize": true,
            "FontSize": 32,
            "LabelText": "racket bibibibibbibi x 1",
            "FontResource": {
              "Type": "Normal",
              "Path": "font/jellycursh_font.ttf",
              "Plist": ""
            },
            "HorizontalAlignmentType": "HT_Center",
            "OutlineColor": {
              "G": 0,
              "B": 0
            },
            "ShadowColor": {
              "R": 110,
              "G": 110,
              "B": 110
            },
            "ShadowOffsetX": 2.0,
            "ShadowOffsetY": -2.0,
            "AnchorPoint": {
              "ScaleX": 0.5,
              "ScaleY": 0.5
            },
            "Position": {
              "X": 360.0,
              "Y": 300.0
            },
            "Scale": {
              "ScaleX": 1.0,
              "ScaleY": 1.0
            },
            "CColor": {},
            "IconVisible": false,
            "PrePosition": {
              "X": 0.5,
              "Y": 0.2344
            },
            "PreSize": {
              "X": 0.6944,
              "Y": 0.0469
            },
            "LeftMargin": 110.0,
            "RightMargin": 110.0,
            "TopMargin": 950.0,
            "BottomMargin": 270.0,
            "Tag": 62,
            "ActionTag": 9083528,
            "Size": {
              "X": 500.0,
              "Y": 60.0
            },
            "VisibleForFrame": false,
            "Name": "record1",
            "ctype": "TextObjectData"
          },
          {
            "IsCustomSize": true,
            "FontSize": 32,
            "LabelText": "racket bibibibibbibi x 1",
            "FontResource": {
              "Type": "Normal",
              "Path": "font/jellycursh_font.ttf",
              "Plist": ""
            },
            "HorizontalAlignmentType": "HT_Center",
            "OutlineColor": {
              "G": 0,
              "B": 0
            },
            "ShadowColor": {
              "R": 110,
              "G": 110,
              "B": 110
            },
            "ShadowOffsetX": 2.0,
            "ShadowOffsetY": -2.0,
            "AnchorPoint": {
              "ScaleX": 0.5,
              "ScaleY": 0.5
            },
            "Position": {
              "X": 360.0,
              "Y": 247.0
            },
            "Scale": {
              "ScaleX": 1.0,
              "ScaleY": 1.0
            },
            "CColor": {},
            "IconVisible": false,
            "PrePosition": {
              "X": 0.5,
              "Y": 0.193
            },
            "PreSize": {
              "X": 0.6944,
              "Y": 0.0469
            },
            "LeftMargin": 110.0,
            "RightMargin": 110.0,
            "TopMargin": 1003.0,
            "BottomMargin": 217.0,
            "Tag": 63,
            "ActionTag": 752278485,
            "Size": {
              "X": 500.0,
              "Y": 60.0
            },
            "VisibleForFrame": false,
            "Name": "record2",
            "ctype": "TextObjectData"
          },
          {
            "IsCustomSize": true,
            "FontSize": 32,
            "LabelText": "racket bibibibibbibi x 1",
            "FontResource": {
              "Type": "Normal",
              "Path": "font/jellycursh_font.ttf",
              "Plist": ""
            },
            "HorizontalAlignmentType": "HT_Center",
            "OutlineColor": {
              "G": 0,
              "B": 0
            },
            "ShadowColor": {
              "R": 110,
              "G": 110,
              "B": 110
            },
            "ShadowOffsetX": 2.0,
            "ShadowOffsetY": -2.0,
            "AnchorPoint": {
              "ScaleX": 0.5,
              "ScaleY": 0.5
            },
            "Position": {
              "X": 360.0,
              "Y": 194.0
            },
            "Scale": {
              "ScaleX": 1.0,
              "ScaleY": 1.0
            },
            "CColor": {
              "R": 229,
              "G": 229,
              "B": 229
            },
            "IconVisible": false,
            "PrePosition": {
              "X": 0.5,
              "Y": 0.1516
            },
            "PreSize": {
              "X": 0.6944,
              "Y": 0.0469
            },
            "LeftMargin": 110.0,
            "RightMargin": 110.0,
            "TopMargin": 1056.0,
            "BottomMargin": 164.0,
            "Tag": 64,
            "ActionTag": 1971357411,
            "Size": {
              "X": 500.0,
              "Y": 60.0
            },
            "VisibleForFrame": false,
            "Name": "record3",
            "ctype": "TextObjectData"
          },
          {
            "FileData": {
              "Type": "MarkedSubImage",
              "Path": "game/lottery_frame.png",
              "Plist": "csi/csi_29.plist"
            },
            "BlendFunc": {
              "Src": 1,
              "Dst": 771
            },
            "AnchorPoint": {
              "ScaleX": 0.5,
              "ScaleY": 0.5
            },
            "Position": {
              "X": 130.7046,
              "Y": 1211.0
            },
            "Scale": {
              "ScaleX": 1.0,
              "ScaleY": 1.0
            },
            "CColor": {},
            "IconVisible": false,
            "PrePosition": {
              "X": 0.1815,
              "Y": 0.9461
            },
            "PreSize": {
              "X": 0.3153,
              "Y": 0.0492
            },
            "LeftMargin": 17.2046,
            "RightMargin": 475.7954,
            "TopMargin": 37.5,
            "BottomMargin": 1179.5,
            "Tag": 1091,
            "ActionTag": 1649761787,
            "Size": {
              "X": 227.0,
              "Y": 63.0
            },
            "Name": "lottery_frame_1",
            "ctype": "SpriteObjectData"
          },
          {
            "FileData": {
              "Type": "MarkedSubImage",
              "Path": "sign/lottery_tips.png",
              "Plist": "csi/csi_15.plist"
            },
            "BlendFunc": {
              "Src": 1,
              "Dst": 771
            },
            "AnchorPoint": {
              "ScaleX": 0.5
            },
            "Position": {
              "X": 359.9999,
              "Y": -0.0017
            },
            "Scale": {
              "ScaleX": 1.0,
              "ScaleY": 1.0
            },
            "CColor": {},
            "IconVisible": false,
            "PrePosition": {
              "X": 0.5,
              "Y": 0.0
            },
            "PreSize": {
              "X": 1.0,
              "Y": 0.05
            },
            "LeftMargin": -0.0001,
            "RightMargin": 0.0001,
            "TopMargin": 1216.0017,
            "BottomMargin": -0.0017,
            "Tag": 1641,
            "ActionTag": 215934755,
            "Size": {
              "X": 720.0,
              "Y": 64.0
            },
            "Name": "lottery_tips_1",
            "ctype": "SpriteObjectData"
          },
          {
            "FontSize": 20,
            "LabelText": "Text Label",
            "HorizontalAlignmentType": "HT_Center",
            "VerticalAlignmentType": "VT_Center",
            "OutlineColor": {
              "G": 0,
              "B": 0
            },
            "ShadowColor": {
              "R": 110,
              "G": 110,
              "B": 110
            },
            "ShadowOffsetX": 2.0,
            "ShadowOffsetY": -2.0,
            "AnchorPoint": {
              "ScaleX": 0.5,
              "ScaleY": 0.5
            },
            "Position": {
              "X": 153.0005,
              "Y": 1213.0
            },
            "Scale": {
              "ScaleX": 1.0,
              "ScaleY": 1.0
            },
            "CColor": {},
            "IconVisible": false,
            "PrePosition": {
              "X": 0.2125,
              "Y": 0.9477
            },
            "PreSize": {
              "X": 0.1389,
              "Y": 0.0156
            },
            "LeftMargin": 103.0005,
            "RightMargin": 516.9995,
            "TopMargin": 57.0,
            "BottomMargin": 1203.0,
            "Tag": 201,
            "ActionTag": -1927071317,
            "Size": {
              "X": 100.0,
              "Y": 20.0
            },
            "Name": "aw_fnttype1_goldText",
            "ctype": "TextObjectData"
          },
          {
            "FileData": {
              "Type": "MarkedSubImage",
              "Path": "lottery/record.png",
              "Plist": "csi/csi_3.plist"
            },
            "BlendFunc": {
              "Src": 1,
              "Dst": 771
            },
            "AnchorPoint": {
              "ScaleX": 0.5,
              "ScaleY": 0.5
            },
            "Position": {
              "X": 360.0,
              "Y": 381.4916
            },
            "Scale": {
              "ScaleX": 1.0,
              "ScaleY": 1.0
            },
            "CColor": {},
            "IconVisible": false,
            "PrePosition": {
              "X": 0.5,
              "Y": 0.298
            },
            "PreSize": {
              "X": 0.3417,
              "Y": 0.0367
            },
            "LeftMargin": 237.0,
            "RightMargin": 237.0,
            "TopMargin": 875.0084,
            "BottomMargin": 357.9916,
            "Tag": 61,
            "ActionTag": 342684791,
            "Size": {
              "X": 246.0,
              "Y": 47.0
            },
            "Name": "record_10",
            "ctype": "SpriteObjectData"
          }
        ],
        "Size": {
          "X": 720.0,
          "Y": 1280.0
        },
        "Name": "Layer",
        "ctype": "LayerObjectData"
      },
      "UsedResources": [
        "../csi/csi_10.plist",
        "../csi/csi_10.png",
        "../csi/csi_14.plist",
        "../csi/csi_14.png",
        "../csi/csi_15.plist",
        "../csi/csi_15.png",
        "../csi/csi_17.plist",
        "../csi/csi_17.png",
        "../csi/csi_2.plist",
        "../csi/csi_2.png",
        "../csi/csi_29.plist",
        "../csi/csi_29.png",
        "../csi/csi_3.plist",
        "../csi/csi_3.png",
        "../csi/csi_4.plist",
        "../csi/csi_4.png",
        "../csi/csi_6.plist",
        "../csi/csi_6.png",
        "../csi/csi_8.plist",
        "../csi/csi_8.png",
        "../csi/csi_9.plist",
        "../csi/csi_9.png",
        "../csi/scaleplist.plist",
        "../csi/scaleplist.png",
        "../font/jellycursh_font.ttf",
        "../game/bg.jpg"
      ],
      "ctype": "GameFileData"
    }
  },
  "Type": "Layer"
}