{
  "ID": "63fd81f1-65d3-4e22-a680-f087d8882136",
  "Version": "3.10.0.0",
  "Name": "lottery_reward_node",
  "Content": {
    "Content": {
      "Animation": {
        "Duration": 0,
        "Speed": 1.0,
        "Timelines": [],
        "ctype": "TimelineActionData"
      },
      "AnimationList": [],
      "ObjectData": {
        "Tag": 35,
        "Children": [
          {
            "FileData": {
              "Type": "Normal",
              "Path": "game/bg.jpg",
              "Plist": ""
            },
            "BlendFunc": {
              "Src": 770,
              "Dst": 771
            },
            "AnchorPoint": {
              "ScaleX": 0.5,
              "ScaleY": 0.5
            },
            "Position": {
              "X": 0.0,
              "Y": 0.0
            },
            "Scale": {
              "ScaleX": 4.0,
              "ScaleY": 4.0
            },
            "CColor": {},
            "IconVisible": false,
            "PrePosition": {
              "X": 0.0,
              "Y": 0.0
            },
            "PreSize": {
              "X": 0.0,
              "Y": 0.0
            },
            "LeftMargin": -90.0,
            "RightMargin": -90.0,
            "TopMargin": -160.0,
            "BottomMargin": -160.0,
            "Tag": 109,
            "ActionTag": 2018685390,
            "Size": {
              "X": 180.0,
              "Y": 320.0
            },
            "Name": "bg_1",
            "ctype": "SpriteObjectData"
          },
          {
            "FileData": {
              "Type": "MarkedSubImage",
              "Path": "lottery/bg_frame1.png",
              "Plist": "csi/scaleplist.plist"
            },
            "Scale9Enable": true,
            "Scale9OriginX": 79,
            "Scale9OriginY": 79,
            "Scale9Width": 82,
            "Scale9Height": 82,
            "AnchorPoint": {
              "ScaleX": 0.5,
              "ScaleY": 0.5
            },
            "Position": {
              "X": 0.0,
              "Y": -311.0
            },
            "Scale": {
              "ScaleX": 1.0,
              "ScaleY": 1.0
            },
            "CColor": {},
            "IconVisible": false,
            "PrePosition": {
              "X": 0.0,
              "Y": 0.0
            },
            "PreSize": {
              "X": 0.0,
              "Y": 0.0
            },
            "LeftMargin": -327.5,
            "RightMargin": -327.5,
            "TopMargin": 143.0,
            "BottomMargin": -479.0,
            "Tag": 178,
            "ActionTag": -1964636984,
            "Size": {
              "X": 655.0,
              "Y": 336.0
            },
            "Name": "lottery_bg_1",
            "ctype": "ImageViewObjectData"
          },
          {
            "FileData": {
              "Type": "MarkedSubImage",
              "Path": "get_reward/light.png",
              "Plist": "csi/csi_2.plist"
            },
            "BlendFunc": {
              "Src": 1,
              "Dst": 771
            },
            "AnchorPoint": {
              "ScaleX": 0.5,
              "ScaleY": 0.5
            },
            "Position": {
              "X": -0.0005,
              "Y": 93.9896
            },
            "Scale": {
              "ScaleX": 4.8,
              "ScaleY": 4.8
            },
            "CColor": {},
            "IconVisible": false,
            "PrePosition": {
              "X": 0.0,
              "Y": 0.0
            },
            "PreSize": {
              "X": 0.0,
              "Y": 0.0
            },
            "LeftMargin": -122.0005,
            "RightMargin": -121.9995,
            "TopMargin": -208.9896,
            "BottomMargin": -21.0104,
            "Tag": 36,
            "ActionTag": 1000620680,
            "Size": {
              "X": 244.0,
              "Y": 230.0
            },
            "Name": "light",
            "ctype": "SpriteObjectData"
          },
          {
            "FileData": {
              "Type": "MarkedSubImage",
              "Path": "get_reward/fly_flower.png",
              "Plist": "csi/csi_3.plist"
            },
            "BlendFunc": {
              "Src": 1,
              "Dst": 771
            },
            "AnchorPoint": {
              "ScaleX": 0.5,
              "ScaleY": 0.5
            },
            "Position": {
              "X": -0.0046,
              "Y": 115.973
            },
            "Scale": {
              "ScaleX": 2.0,
              "ScaleY": 2.0
            },
            "CColor": {},
            "IconVisible": false,
            "PrePosition": {
              "X": 0.0,
              "Y": 0.0
            },
            "PreSize": {
              "X": 0.0,
              "Y": 0.0
            },
            "LeftMargin": -159.5046,
            "RightMargin": -159.4954,
            "TopMargin": -253.473,
            "BottomMargin": -21.527,
            "Tag": 39,
            "ActionTag": 1229995910,
            "Size": {
              "X": 319.0,
              "Y": 275.0
            },
            "Name": "fly_flower",
            "ctype": "SpriteObjectData"
          },
          {
            "FileData": {
              "Type": "MarkedSubImage",
              "Path": "element/bomb_big.png",
              "Plist": "csi/csi_30.plist"
            },
            "BlendFunc": {
              "Src": 1,
              "Dst": 771
            },
            "AnchorPoint": {
              "ScaleX": 0.5,
              "ScaleY": 0.5
            },
            "Position": {
              "X": 0.0017,
              "Y": 120.9854
            },
            "Scale": {
              "ScaleX": 1.0,
              "ScaleY": 1.0
            },
            "CColor": {},
            "IconVisible": false,
            "PrePosition": {
              "X": 0.0,
              "Y": 0.0
            },
            "PreSize": {
              "X": 0.0,
              "Y": 0.0
            },
            "LeftMargin": -133.4983,
            "RightMargin": -133.5017,
            "TopMargin": -264.9854,
            "BottomMargin": -23.0146,
            "Tag": 37,
            "ActionTag": 874308295,
            "Size": {
              "X": 267.0,
              "Y": 288.0
            },
            "Name": "icon",
            "ctype": "SpriteObjectData"
          },
          {
            "FileData": {
              "Type": "MarkedSubImage",
              "Path": "get_reward/get.png",
              "Plist": "csi/csi_2.plist"
            },
            "BlendFunc": {
              "Src": 1,
              "Dst": 771
            },
            "AnchorPoint": {
              "ScaleX": 0.5,
              "ScaleY": 0.5
            },
            "Position": {
              "X": 1.5325,
              "Y": -536.6411
            },
            "Scale": {
              "ScaleX": 1.0,
              "ScaleY": 1.0
            },
            "CColor": {},
            "IconVisible": false,
            "PrePosition": {
              "X": 0.0,
              "Y": 0.0
            },
            "PreSize": {
              "X": 0.0,
              "Y": 0.0
            },
            "LeftMargin": -102.9675,
            "RightMargin": -106.0325,
            "TopMargin": 498.1411,
            "BottomMargin": -575.1411,
            "Tag": 42,
            "ActionTag": 99727182,
            "Size": {
              "X": 209.0,
              "Y": 77.0
            },
            "Name": "btnGet",
            "ctype": "SpriteObjectData"
          },
          {
            "FileData": {
              "Type": "MarkedSubImage",
              "Path": "get_reward/color_egg.png",
              "Plist": "csi/csi_30.plist"
            },
            "BlendFunc": {
              "Src": 1,
              "Dst": 771
            },
            "AnchorPoint": {
              "ScaleX": 0.5,
              "ScaleY": 0.5
            },
            "Position": {
              "X": -6.5631,
              "Y": 493.7255
            },
            "Scale": {
              "ScaleX": 1.0,
              "ScaleY": 1.0
            },
            "CColor": {},
            "IconVisible": false,
            "PrePosition": {
              "X": 0.0,
              "Y": 0.0
            },
            "PreSize": {
              "X": 0.0,
              "Y": 0.0
            },
            "LeftMargin": -213.0631,
            "RightMargin": -199.9369,
            "TopMargin": -639.2255,
            "BottomMargin": 348.2255,
            "Tag": 43,
            "ActionTag": -405207205,
            "Size": {
              "X": 413.0,
              "Y": 291.0
            },
            "Name": "color_egg_7",
            "ctype": "SpriteObjectData"
          },
          {
            "IsCustomSize": true,
            "FontSize": 36,
            "LabelText": "1:xxxxxxxxxxxxxxxxxxxxxxxxxxxxxxxxxx\nxxxxxxxxxxxxxxxxxxxxxxxxxxxxxxxxxxxxxxxxx",
            "FontResource": {
              "Type": "Normal",
              "Path": "font/jellycursh_font.ttf",
              "Plist": ""
            },
            "HorizontalAlignmentType": "HT_Center",
            "VerticalAlignmentType": "VT_Center",
            "OutlineColor": {
              "G": 0,
              "B": 0
            },
            "ShadowColor": {
              "R": 110,
              "G": 110,
              "B": 110
            },
            "ShadowOffsetX": 2.0,
            "ShadowOffsetY": -2.0,
            "AnchorPoint": {
              "ScaleY": 0.5
            },
            "Position": {
              "X": -304.0002,
              "Y": -312.0
            },
            "Scale": {
              "ScaleX": 1.0,
              "ScaleY": 1.0
            },
            "CColor": {},
            "IconVisible": false,
            "PrePosition": {
              "X": 0.0,
              "Y": 0.0
            },
            "PreSize": {
              "X": 0.0,
              "Y": 0.0
            },
            "LeftMargin": -304.0002,
            "RightMargin": -305.9998,
            "TopMargin": 262.0,
            "BottomMargin": -362.0,
            "Tag": 695,
            "ActionTag": 1669062099,
            "Size": {
              "X": 610.0,
              "Y": 100.0
            },
            "VisibleForFrame": false,
            "Name": "text1",
            "ctype": "TextObjectData"
          },
          {
            "IsCustomSize": true,
            "FontSize": 36,
            "LabelText": "2:xxxxxxxxxxxxxxxxxxxxxxxxxxxxxx\nxxxxxxxxx",
            "FontResource": {
              "Type": "Normal",
              "Path": "font/jellycursh_font.ttf",
              "Plist": ""
            },
            "HorizontalAlignmentType": "HT_Center",
            "VerticalAlignmentType": "VT_Center",
            "OutlineColor": {
              "G": 0,
              "B": 0
            },
            "ShadowColor": {
              "R": 110,
              "G": 110,
              "B": 110
            },
            "ShadowOffsetX": 2.0,
            "ShadowOffsetY": -2.0,
            "AnchorPoint": {
              "ScaleY": 0.5
            },
            "Position": {
              "X": -303.9999,
              "Y": -401.0
            },
            "Scale": {
              "ScaleX": 1.0,
              "ScaleY": 1.0
            },
            "CColor": {},
            "IconVisible": false,
            "PrePosition": {
              "X": 0.0,
              "Y": 0.0
            },
            "PreSize": {
              "X": 0.0,
              "Y": 0.0
            },
            "LeftMargin": -303.9999,
            "RightMargin": -306.0001,
            "TopMargin": 353.5,
            "BottomMargin": -448.5,
            "Tag": 696,
            "ActionTag": -1906335485,
            "Size": {
              "X": 610.0,
              "Y": 95.0
            },
            "VisibleForFrame": false,
            "Name": "text2",
            "ctype": "TextObjectData"
          },
          {
            "FileData": {
              "Type": "MarkedSubImage",
              "Path": "lottery/boom.png",
              "Plist": "csi/csi_1.plist"
            },
            "BlendFunc": {
              "Src": 1,
              "Dst": 771
            },
            "AnchorPoint": {
              "ScaleX": 0.5,
              "ScaleY": 0.5
            },
            "Position": {
              "X": 0.0001,
              "Y": -200.8405
            },
            "Scale": {
              "ScaleX": 1.0,
              "ScaleY": 1.0
            },
            "CColor": {},
            "IconVisible": false,
            "PrePosition": {
              "X": 0.0,
              "Y": 0.0
            },
            "PreSize": {
              "X": 0.0,
              "Y": 0.0
            },
            "LeftMargin": -88.9999,
            "RightMargin": -89.0001,
            "TopMargin": 177.3405,
            "BottomMargin": -224.3405,
            "Tag": 707,
            "ActionTag": 1000368537,
            "Size": {
              "X": 178.0,
              "Y": 47.0
            },
            "Name": "name",
            "ctype": "SpriteObjectData"
          }
        ],
        "Size": {
          "X": 0.0,
          "Y": 0.0
        },
        "Name": "Node",
        "ctype": "SingleNodeObjectData"
      },
      "UsedResources": [
        "../csi/csi_1.plist",
        "../csi/csi_1.png",
        "../csi/csi_2.plist",
        "../csi/csi_2.png",
        "../csi/csi_3.plist",
        "../csi/csi_3.png",
        "../csi/csi_30.plist",
        "../csi/csi_30.png",
        "../csi/scaleplist.plist",
        "../csi/scaleplist.png",
        "../font/jellycursh_font.ttf",
        "../game/bg.jpg"
      ],
      "ctype": "GameFileData"
    }
  },
  "Type": "Node"
}