{
  "ID": "a13a7892-5df1-442c-bde9-a164cf88334b",
  "Version": "3.10.0.0",
  "Name": "message_layer",
  "Content": {
    "Content": {
      "Animation": {
        "Duration": 0,
        "Speed": 1.0,
        "Timelines": [],
        "ctype": "TimelineActionData"
      },
      "AnimationList": [],
      "ObjectData": {
        "Tag": 92,
        "Children": [
          {
            "FileData": {
              "Type": "MarkedSubImage",
              "Path": "choose_map/message_openbtn.png",
              "Plist": "csi/csi_4.plist"
            },
            "BlendFunc": {
              "Src": 1,
              "Dst": 771
            },
            "AnchorPoint": {
              "ScaleX": 0.5,
              "ScaleY": 0.5
            },
            "Position": {
              "X": 360.0,
              "Y": 325.9599
            },
            "Scale": {
              "ScaleX": 1.0,
              "ScaleY": 1.0
            },
            "CColor": {},
            "IconVisible": false,
            "PrePosition": {
              "X": 0.5,
              "Y": 0.2547
            },
            "PreSize": {
              "X": 0.4694,
              "Y": 0.0898
            },
            "LeftMargin": 191.0,
            "RightMargin": 191.0,
            "TopMargin": 896.5401,
            "BottomMargin": 268.4599,
            "Tag": 94,
            "ActionTag": -1609150077,
            "Size": {
              "X": 338.0,
              "Y": 115.0
            },
            "Name": "openbtn",
            "ctype": "SpriteObjectData"
          }
        ],
        "Size": {
          "X": 720.0,
          "Y": 1280.0
        },
        "Name": "Layer",
        "ctype": "LayerObjectData"
      },
      "UsedResources": [
        "../csi/csi_4.plist",
        "../csi/csi_4.png"
      ],
      "ctype": "GameFileData"
    }
  },
  "Type": "Layer"
}