{
  "ID": "1a936ccf-32b4-4831-83da-f5a065e1854c",
  "Version": "3.10.0.0",
  "Name": "no_heart_node",
  "Content": {
    "Content": {
      "Animation": {
        "Duration": 0,
        "Speed": 1.0,
        "Timelines": [],
        "ctype": "TimelineActionData"
      },
      "AnimationList": [],
      "ObjectData": {
        "Tag": 2,
        "Children": [
          {
            "FileData": {
              "Type": "MarkedSubImage",
              "Path": "rank/tip_bg_scale.png",
              "Plist": "csi/scaleplist.plist"
            },
            "Scale9Enable": true,
            "Scale9OriginX": 99,
            "Scale9OriginY": 80,
            "Scale9Width": 102,
            "Scale9Height": 139,
            "AnchorPoint": {
              "ScaleX": 0.5,
              "ScaleY": 0.5
            },
            "Position": {
              "X": 1.3801,
              "Y": 97.2197
            },
            "Scale": {
              "ScaleX": 1.0,
              "ScaleY": 1.0
            },
            "CColor": {},
            "IconVisible": false,
            "PrePosition": {
              "X": 0.0,
              "Y": 0.0
            },
            "PreSize": {
              "X": 0.0,
              "Y": 0.0
            },
            "LeftMargin": -328.6199,
            "RightMargin": -331.3801,
            "TopMargin": -472.2197,
            "BottomMargin": -277.7803,
            "Tag": 1723,
            "ActionTag": 781038341,
            "Size": {
              "X": 660.0,
              "Y": 750.0
            },
            "Name": "Image_1_0",
            "ctype": "ImageViewObjectData"
          },
          {
            "FileData": {
              "Type": "MarkedSubImage",
              "Path": "rank/tip_bg_scale1.png",
              "Plist": "csi/scaleplist.plist"
            },
            "Scale9Enable": true,
            "Scale9OriginX": 49,
            "Scale9OriginY": 49,
            "Scale9Width": 52,
            "Scale9Height": 52,
            "AnchorPoint": {
              "ScaleX": 0.5,
              "ScaleY": 0.5
            },
            "Position": {
              "X": -0.6182,
              "Y": 63.4122
            },
            "Scale": {
              "ScaleX": 1.0,
              "ScaleY": 1.0
            },
            "CColor": {},
            "IconVisible": false,
            "PrePosition": {
              "X": 0.0,
              "Y": 0.0
            },
            "PreSize": {
              "X": 0.0,
              "Y": 0.0
            },
            "LeftMargin": -280.6182,
            "RightMargin": -279.3818,
            "TopMargin": -353.4122,
            "BottomMargin": -226.5878,
            "Tag": 1722,
            "ActionTag": 1262918591,
            "Size": {
              "X": 560.0,
              "Y": 580.0
            },
            "Name": "Image_3",
            "ctype": "ImageViewObjectData"
          },
          {
            "FileData": {
              "Type": "MarkedSubImage",
              "Path": "rank/giftbg2.png",
              "Plist": "csi/scaleplist.plist"
            },
            "Scale9Enable": true,
            "Scale9OriginX": 50,
            "Scale9OriginY": 50,
            "Scale9Width": 54,
            "Scale9Height": 54,
            "AnchorPoint": {
              "ScaleX": 0.5,
              "ScaleY": 0.5
            },
            "Position": {
              "X": 0.4429,
              "Y": 143.7268
            },
            "Scale": {
              "ScaleX": 1.0,
              "ScaleY": 1.0
            },
            "CColor": {},
            "IconVisible": false,
            "PrePosition": {
              "X": 0.0,
              "Y": 0.0
            },
            "PreSize": {
              "X": 0.0,
              "Y": 0.0
            },
            "LeftMargin": -259.5571,
            "RightMargin": -260.4429,
            "TopMargin": -335.7268,
            "BottomMargin": -48.2732,
            "Tag": 1721,
            "ActionTag": 1630219541,
            "Size": {
              "X": 520.0,
              "Y": 384.0
            },
            "Name": "Image_2_0",
            "ctype": "ImageViewObjectData"
          },
          {
            "FileData": {
              "Type": "MarkedSubImage",
              "Path": "rank/no_enuugh.png",
              "Plist": "csi/csi_28.plist"
            },
            "BlendFunc": {
              "Src": 1,
              "Dst": 771
            },
            "AnchorPoint": {
              "ScaleX": 0.5,
              "ScaleY": 0.5
            },
            "Position": {
              "X": -3.0963,
              "Y": 390.582
            },
            "Scale": {
              "ScaleX": 1.0,
              "ScaleY": 1.0
            },
            "CColor": {},
            "IconVisible": false,
            "PrePosition": {
              "X": 0.0,
              "Y": 0.0
            },
            "PreSize": {
              "X": 0.0,
              "Y": 0.0
            },
            "LeftMargin": -230.5963,
            "RightMargin": -224.4037,
            "TopMargin": -408.082,
            "BottomMargin": 373.082,
            "Tag": 608,
            "ActionTag": -275426264,
            "Size": {
              "X": 455.0,
              "Y": 35.0
            },
            "Name": "no_enuugh_1",
            "ctype": "SpriteObjectData"
          },
          {
            "AnchorPoint": {},
            "Position": {
              "X": 0.0,
              "Y": 0.0
            },
            "Scale": {
              "ScaleX": 1.0,
              "ScaleY": 1.0
            },
            "CColor": {},
            "IconVisible": true,
            "PrePosition": {
              "X": 0.0,
              "Y": 0.0
            },
            "PreSize": {
              "X": 0.0,
              "Y": 0.0
            },
            "Tag": 41,
            "Children": [
              {
                "FileData": {
                  "Type": "MarkedSubImage",
                  "Path": "rank/no_heart_text.png",
                  "Plist": "csi/csi_34.plist"
                },
                "BlendFunc": {
                  "Src": 1,
                  "Dst": 771
                },
                "AnchorPoint": {
                  "ScaleX": 0.5,
                  "ScaleY": 0.5
                },
                "Position": {
                  "X": 7.8507,
                  "Y": 47.8918
                },
                "Scale": {
                  "ScaleX": 1.0,
                  "ScaleY": 1.0
                },
                "CColor": {},
                "IconVisible": false,
                "PrePosition": {
                  "X": 0.0,
                  "Y": 0.0
                },
                "PreSize": {
                  "X": 0.0,
                  "Y": 0.0
                },
                "LeftMargin": -156.6493,
                "RightMargin": -172.3507,
                "TopMargin": -83.8918,
                "BottomMargin": 11.8918,
                "Tag": 609,
                "ActionTag": 1251309365,
                "Size": {
                  "X": 329.0,
                  "Y": 72.0
                },
                "Name": "no_heart_text",
                "ctype": "SpriteObjectData"
              },
              {
                "FileData": {
                  "Type": "MarkedSubImage",
                  "Path": "rank/no_heart.png",
                  "Plist": "csi/csi_34.plist"
                },
                "BlendFunc": {
                  "Src": 1,
                  "Dst": 771
                },
                "AnchorPoint": {
                  "ScaleX": 0.5,
                  "ScaleY": 0.5
                },
                "Position": {
                  "X": 7.8507,
                  "Y": 191.8934
                },
                "Scale": {
                  "ScaleX": 1.0,
                  "ScaleY": 1.0
                },
                "CColor": {},
                "IconVisible": false,
                "PrePosition": {
                  "X": 0.0,
                  "Y": 0.0
                },
                "PreSize": {
                  "X": 0.0,
                  "Y": 0.0
                },
                "LeftMargin": -71.6493,
                "RightMargin": -87.3507,
                "TopMargin": -283.3934,
                "BottomMargin": 100.3934,
                "Tag": 610,
                "ActionTag": 1896001990,
                "Size": {
                  "X": 159.0,
                  "Y": 183.0
                },
                "Name": "no_heart_3",
                "ctype": "SpriteObjectData"
              },
              {
                "FileData": {
                  "Type": "MarkedSubImage",
                  "Path": "rank/num2.png",
                  "Plist": "csi/csi_1.plist"
                },
                "BlendFunc": {
                  "Src": 1,
                  "Dst": 771
                },
                "AnchorPoint": {
                  "ScaleX": 0.5,
                  "ScaleY": 0.5
                },
                "Position": {
                  "X": 0.1025,
                  "Y": 31.2565
                },
                "Scale": {
                  "ScaleX": 1.0,
                  "ScaleY": 1.0
                },
                "CColor": {},
                "IconVisible": false,
                "PrePosition": {
                  "X": 0.0,
                  "Y": 0.0
                },
                "PreSize": {
                  "X": 0.0,
                  "Y": 0.0
                },
                "LeftMargin": -7.8975,
                "RightMargin": -8.1025,
                "TopMargin": -44.7565,
                "BottomMargin": 17.7565,
                "Tag": 567,
                "ActionTag": 1178490427,
                "Size": {
                  "X": 16.0,
                  "Y": 27.0
                },
                "Name": "num",
                "ctype": "SpriteObjectData"
              },
              {
                "FileData": {
                  "Type": "MarkedSubImage",
                  "Path": "rank/continue.png",
                  "Plist": "csi/csi_20.plist"
                },
                "BlendFunc": {
                  "Src": 1,
                  "Dst": 771
                },
                "AnchorPoint": {
                  "ScaleX": 0.5,
                  "ScaleY": 0.5
                },
                "Position": {
                  "X": 0.9961,
                  "Y": -136.802
                },
                "Scale": {
                  "ScaleX": 0.8,
                  "ScaleY": 0.8
                },
                "CColor": {},
                "IconVisible": false,
                "PrePosition": {
                  "X": 0.0,
                  "Y": 0.0
                },
                "PreSize": {
                  "X": 0.0,
                  "Y": 0.0
                },
                "LeftMargin": -159.0039,
                "RightMargin": -160.9961,
                "TopMargin": 84.302,
                "BottomMargin": -189.302,
                "Tag": 1414,
                "ActionTag": 1745113788,
                "Size": {
                  "X": 320.0,
                  "Y": 105.0
                },
                "VisibleForFrame": false,
                "Name": "btnContinue",
                "ctype": "SpriteObjectData"
              },
              {
                "FileData": {
                  "Type": "MarkedSubImage",
                  "Path": "watchad/jelly-anniu.png",
                  "Plist": "csi/csi_5.plist"
                },
                "BlendFunc": {
                  "Src": 1,
                  "Dst": 771
                },
                "AnchorPoint": {
                  "ScaleX": 0.5,
                  "ScaleY": 0.5
                },
                "Position": {
                  "X": -1.0001,
                  "Y": -136.0
                },
                "Scale": {
                  "ScaleX": 1.0,
                  "ScaleY": 1.0
                },
                "CColor": {},
                "IconVisible": false,
                "PrePosition": {
                  "X": 0.0,
                  "Y": 0.0
                },
                "PreSize": {
                  "X": 0.0,
                  "Y": 0.0
                },
                "LeftMargin": -219.5001,
                "RightMargin": -217.4999,
                "TopMargin": 73.5,
                "BottomMargin": -198.5,
                "Tag": 45,
                "Children": [
                  {
                    "FileData": {
                      "Type": "MarkedSubImage",
                      "Path": "watchad/jelly-watch.png",
                      "Plist": "csi/csi_5.plist"
                    },
                    "BlendFunc": {
                      "Src": 1,
                      "Dst": 771
                    },
                    "AnchorPoint": {
                      "ScaleX": 0.5,
                      "ScaleY": 0.5
                    },
                    "Position": {
                      "X": 219.4443,
                      "Y": 64.9765
                    },
                    "Scale": {
                      "ScaleX": 1.0,
                      "ScaleY": 1.0
                    },
                    "CColor": {},
                    "IconVisible": false,
                    "PrePosition": {
                      "X": 0.5022,
                      "Y": 0.5198
                    },
                    "PreSize": {
                      "X": 0.4966,
                      "Y": 0.384
                    },
                    "LeftMargin": 110.9443,
                    "RightMargin": 109.0557,
                    "TopMargin": 36.0235,
                    "BottomMargin": 40.9765,
                    "Tag": 1724,
                    "ActionTag": -591735666,
                    "Size": {
                      "X": 217.0,
                      "Y": 48.0
                    },
                    "Name": "n_watchdes",
                    "ctype": "SpriteObjectData"
                  }
                ],
                "ActionTag": -267895906,
                "Size": {
                  "X": 437.0,
                  "Y": 125.0
                },
                "Name": "btnWatch",
                "ctype": "SpriteObjectData"
              },
              {
                "FileData": {
                  "Type": "MarkedSubImage",
                  "Path": "watchad/jelly-anniu.png",
                  "Plist": "csi/csi_5.plist"
                },
                "BlendFunc": {
                  "Src": 1,
                  "Dst": 771
                },
                "AnchorPoint": {
                  "ScaleX": 0.5,
                  "ScaleY": 0.5
                },
                "Position": {
                  "X": -0.9093,
                  "Y": -136.0
                },
                "Scale": {
                  "ScaleX": 1.0,
                  "ScaleY": 1.0
                },
                "CColor": {},
                "IconVisible": false,
                "PrePosition": {
                  "X": 0.0,
                  "Y": 0.0
                },
                "PreSize": {
                  "X": 0.0,
                  "Y": 0.0
                },
                "LeftMargin": -219.4093,
                "RightMargin": -217.5907,
                "TopMargin": 73.5,
                "BottomMargin": -198.5,
                "Tag": 114,
                "Children": [
                  {
                    "FileData": {
                      "Type": "MarkedSubImage",
                      "Path": "watchad/invite.png",
                      "Plist": "csi/csi_9.plist"
                    },
                    "BlendFunc": {
                      "Src": 1,
                      "Dst": 771
                    },
                    "AnchorPoint": {
                      "ScaleX": 0.5,
                      "ScaleY": 0.5
                    },
                    "Position": {
                      "X": 219.4443,
                      "Y": 64.9765
                    },
                    "Scale": {
                      "ScaleX": 1.0,
                      "ScaleY": 1.0
                    },
                    "CColor": {},
                    "IconVisible": false,
                    "PrePosition": {
                      "X": 0.5022,
                      "Y": 0.5198
                    },
                    "PreSize": {
                      "X": 0.4943,
                      "Y": 0.512
                    },
                    "LeftMargin": 111.4443,
                    "RightMargin": 109.5557,
                    "TopMargin": 28.0235,
                    "BottomMargin": 32.9765,
                    "Tag": 115,
                    "ActionTag": -53866020,
                    "Size": {
                      "X": 216.0,
                      "Y": 64.0
                    },
                    "Name": "Sprite_1",
                    "ctype": "SpriteObjectData"
                  }
                ],
                "ActionTag": -706944882,
                "Size": {
                  "X": 437.0,
                  "Y": 125.0
                },
                "Name": "btnInvite",
                "ctype": "SpriteObjectData"
              }
            ],
            "ActionTag": -1315097265,
            "Size": {
              "X": 0.0,
              "Y": 0.0
            },
            "Name": "powerNode",
            "ctype": "SingleNodeObjectData"
          },
          {
            "AnchorPoint": {},
            "Position": {
              "X": 0.0,
              "Y": 0.0
            },
            "Scale": {
              "ScaleX": 1.0,
              "ScaleY": 1.0
            },
            "CColor": {},
            "IconVisible": true,
            "PrePosition": {
              "X": 0.0,
              "Y": 0.0
            },
            "PreSize": {
              "X": 0.0,
              "Y": 0.0
            },
            "Tag": 42,
            "Children": [
              {
                "FileData": {
                  "Type": "MarkedSubImage",
                  "Path": "rank/add_friend.png",
                  "Plist": "csi/csi_14.plist"
                },
                "BlendFunc": {
                  "Src": 1,
                  "Dst": 771
                },
                "AnchorPoint": {
                  "ScaleX": 0.5,
                  "ScaleY": 0.5
                },
                "Position": {
                  "X": 0.0,
                  "Y": -177.0897
                },
                "Scale": {
                  "ScaleX": 1.0,
                  "ScaleY": 1.0
                },
                "CColor": {},
                "IconVisible": false,
                "PrePosition": {
                  "X": 0.0,
                  "Y": 0.0
                },
                "PreSize": {
                  "X": 0.0,
                  "Y": 0.0
                },
                "LeftMargin": -159.5,
                "RightMargin": -159.5,
                "TopMargin": 139.5897,
                "BottomMargin": -214.5897,
                "Tag": 8,
                "ActionTag": 2098680133,
                "Size": {
                  "X": 319.0,
                  "Y": 75.0
                },
                "Name": "btnAdd",
                "ctype": "SpriteObjectData"
              },
              {
                "FileData": {
                  "Type": "MarkedSubImage",
                  "Path": "invite/bg.png",
                  "Plist": "csi/csi_20.plist"
                },
                "BlendFunc": {
                  "Src": 1,
                  "Dst": 771
                },
                "AnchorPoint": {
                  "ScaleX": 0.5,
                  "ScaleY": 0.5
                },
                "Position": {
                  "X": -2.0001,
                  "Y": -34.0
                },
                "Scale": {
                  "ScaleX": 274.0,
                  "ScaleY": 68.0
                },
                "CColor": {},
                "IconVisible": false,
                "PrePosition": {
                  "X": 0.0,
                  "Y": 0.0
                },
                "PreSize": {
                  "X": 0.0,
                  "Y": 0.0
                },
                "LeftMargin": -3.0001,
                "RightMargin": 1.0001,
                "TopMargin": 33.0,
                "BottomMargin": -35.0,
                "Tag": 73,
                "ActionTag": 1482048869,
                "Size": {
                  "X": 2.0,
                  "Y": 2.0
                },
                "Name": "bg_32",
                "ctype": "SpriteObjectData"
              },
              {
                "FileData": {
                  "Type": "MarkedSubImage",
                  "Path": "invite/friends.png",
                  "Plist": "csi/csi_2.plist"
                },
                "BlendFunc": {
                  "Src": 1,
                  "Dst": 771
                },
                "AnchorPoint": {
                  "ScaleY": 0.5
                },
                "Position": {
                  "X": -144.9994,
                  "Y": 0.2387
                },
                "Scale": {
                  "ScaleX": 1.0,
                  "ScaleY": 1.0
                },
                "CColor": {},
                "IconVisible": false,
                "PrePosition": {
                  "X": 0.0,
                  "Y": 0.0
                },
                "PreSize": {
                  "X": 0.0,
                  "Y": 0.0
                },
                "LeftMargin": -144.9994,
                "RightMargin": 18.9994,
                "TopMargin": -13.7387,
                "BottomMargin": -13.2613,
                "Tag": 74,
                "ActionTag": 918927805,
                "Size": {
                  "X": 126.0,
                  "Y": 27.0
                },
                "Name": "friends_33",
                "ctype": "SpriteObjectData"
              },
              {
                "FileData": {
                  "Type": "MarkedSubImage",
                  "Path": "invite/max.png",
                  "Plist": "csi/csi_2.plist"
                },
                "BlendFunc": {
                  "Src": 1,
                  "Dst": 771
                },
                "AnchorPoint": {
                  "ScaleY": 0.5
                },
                "Position": {
                  "X": -144.9997,
                  "Y": -66.0
                },
                "Scale": {
                  "ScaleX": 1.0,
                  "ScaleY": 1.0
                },
                "CColor": {},
                "IconVisible": false,
                "PrePosition": {
                  "X": 0.0,
                  "Y": 0.0
                },
                "PreSize": {
                  "X": 0.0,
                  "Y": 0.0
                },
                "LeftMargin": -144.9997,
                "RightMargin": 19.9997,
                "TopMargin": 50.5,
                "BottomMargin": -81.5,
                "Tag": 75,
                "ActionTag": 573183147,
                "Size": {
                  "X": 125.0,
                  "Y": 31.0
                },
                "Name": "max_34",
                "ctype": "SpriteObjectData"
              },
              {
                "FileData": {
                  "Type": "MarkedSubImage",
                  "Path": "invite/pre_5.png",
                  "Plist": "csi/csi_2.plist"
                },
                "BlendFunc": {
                  "Src": 1,
                  "Dst": 771
                },
                "AnchorPoint": {
                  "ScaleX": 0.5,
                  "ScaleY": 0.5
                },
                "Position": {
                  "X": 132.0,
                  "Y": -66.0
                },
                "Scale": {
                  "ScaleX": 1.0,
                  "ScaleY": 1.0
                },
                "CColor": {},
                "IconVisible": false,
                "PrePosition": {
                  "X": 0.0,
                  "Y": 0.0
                },
                "PreSize": {
                  "X": 0.0,
                  "Y": 0.0
                },
                "LeftMargin": 95.0,
                "RightMargin": -169.0,
                "TopMargin": 50.0,
                "BottomMargin": -82.0,
                "Tag": 76,
                "ActionTag": 1267489422,
                "Size": {
                  "X": 74.0,
                  "Y": 32.0
                },
                "Name": "pre_5_35",
                "ctype": "SpriteObjectData"
              },
              {
                "FileData": {
                  "Type": "MarkedSubImage",
                  "Path": "invite/text.png",
                  "Plist": "csi/csi_10.plist"
                },
                "BlendFunc": {
                  "Src": 1,
                  "Dst": 771
                },
                "AnchorPoint": {
                  "ScaleX": 0.5,
                  "ScaleY": 0.5
                },
                "Position": {
                  "X": 0.0001,
                  "Y": 103.6104
                },
                "Scale": {
                  "ScaleX": 1.0,
                  "ScaleY": 1.0
                },
                "CColor": {},
                "IconVisible": false,
                "PrePosition": {
                  "X": 0.0,
                  "Y": 0.0
                },
                "PreSize": {
                  "X": 0.0,
                  "Y": 0.0
                },
                "LeftMargin": -217.9999,
                "RightMargin": -218.0001,
                "TopMargin": -136.6104,
                "BottomMargin": 70.6104,
                "Tag": 40,
                "ActionTag": 1375146482,
                "Size": {
                  "X": 436.0,
                  "Y": 66.0
                },
                "Name": "wait_text_3",
                "ctype": "SpriteObjectData"
              },
              {
                "FileData": {
                  "Type": "MarkedSubImage",
                  "Path": "invite/pre_add.png",
                  "Plist": "csi/csi_2.plist"
                },
                "BlendFunc": {
                  "Src": 1,
                  "Dst": 771
                },
                "AnchorPoint": {
                  "ScaleX": 0.5,
                  "ScaleY": 0.5
                },
                "Position": {
                  "X": 132.0,
                  "Y": -2.4799
                },
                "Scale": {
                  "ScaleX": 1.0,
                  "ScaleY": 1.0
                },
                "CColor": {},
                "IconVisible": false,
                "PrePosition": {
                  "X": 0.0,
                  "Y": 0.0
                },
                "PreSize": {
                  "X": 0.0,
                  "Y": 0.0
                },
                "LeftMargin": 100.5,
                "RightMargin": -163.5,
                "TopMargin": -13.5201,
                "BottomMargin": -18.4799,
                "Tag": 77,
                "ActionTag": -1972746091,
                "Size": {
                  "X": 63.0,
                  "Y": 32.0
                },
                "Name": "pre_add_36",
                "ctype": "SpriteObjectData"
              },
              {
                "FileData": {
                  "Type": "MarkedSubImage",
                  "Path": "invite/g0.png",
                  "Plist": "csi/csi_2.plist"
                },
                "BlendFunc": {
                  "Src": 1,
                  "Dst": 771
                },
                "AnchorPoint": {
                  "ScaleX": 0.5,
                  "ScaleY": 0.5
                },
                "Position": {
                  "X": 152.3684,
                  "Y": -64.9218
                },
                "Scale": {
                  "ScaleX": 1.0,
                  "ScaleY": 1.0
                },
                "CColor": {},
                "IconVisible": false,
                "PrePosition": {
                  "X": 0.0,
                  "Y": 0.0
                },
                "PreSize": {
                  "X": 0.0,
                  "Y": 0.0
                },
                "LeftMargin": 142.8684,
                "RightMargin": -161.8684,
                "TopMargin": 51.4218,
                "BottomMargin": -78.4218,
                "Tag": 78,
                "ActionTag": 137149064,
                "Size": {
                  "X": 19.0,
                  "Y": 27.0
                },
                "Name": "m_text",
                "ctype": "SpriteObjectData"
              },
              {
                "FileData": {
                  "Type": "MarkedSubImage",
                  "Path": "invite/r0.png",
                  "Plist": "csi/csi_2.plist"
                },
                "BlendFunc": {
                  "Src": 1,
                  "Dst": 771
                },
                "AnchorPoint": {
                  "ScaleX": 0.5,
                  "ScaleY": 0.5
                },
                "Position": {
                  "X": 142.3643,
                  "Y": -1.5481
                },
                "Scale": {
                  "ScaleX": 1.0,
                  "ScaleY": 1.0
                },
                "CColor": {},
                "IconVisible": false,
                "PrePosition": {
                  "X": 0.0,
                  "Y": 0.0
                },
                "PreSize": {
                  "X": 0.0,
                  "Y": 0.0
                },
                "LeftMargin": 132.8643,
                "RightMargin": -151.8643,
                "TopMargin": -11.9519,
                "BottomMargin": -15.0481,
                "Tag": 79,
                "ActionTag": -2055566820,
                "Size": {
                  "X": 19.0,
                  "Y": 27.0
                },
                "Name": "f_text",
                "ctype": "SpriteObjectData"
              }
            ],
            "ActionTag": -807181738,
            "Size": {
              "X": 0.0,
              "Y": 0.0
            },
            "VisibleForFrame": false,
            "Name": "inviteNode",
            "ctype": "SingleNodeObjectData"
          },
          {
            "FileData": {
              "Type": "MarkedSubImage",
              "Path": "game/closebtnbg.png",
              "Plist": "csi/csi_1.plist"
            },
            "BlendFunc": {
              "Src": 1,
              "Dst": 771
            },
            "AnchorPoint": {
              "ScaleX": 0.5,
              "ScaleY": 0.5
            },
            "Position": {
              "X": 258.3135,
              "Y": 387.9694
            },
            "Scale": {
              "ScaleX": 0.8,
              "ScaleY": 0.8
            },
            "CColor": {},
            "IconVisible": false,
            "PrePosition": {
              "X": 0.0,
              "Y": 0.0
            },
            "PreSize": {
              "X": 0.0,
              "Y": 0.0
            },
            "LeftMargin": 217.3135,
            "RightMargin": -299.3135,
            "TopMargin": -428.9694,
            "BottomMargin": 346.9694,
            "Tag": 81,
            "ActionTag": -1563408792,
            "Size": {
              "X": 82.0,
              "Y": 82.0
            },
            "Name": "closebtnbg_6",
            "ctype": "SpriteObjectData"
          },
          {
            "FileData": {
              "Type": "MarkedSubImage",
              "Path": "rank/close.png",
              "Plist": "csi/csi_17.plist"
            },
            "BlendFunc": {
              "Src": 1,
              "Dst": 771
            },
            "AnchorPoint": {
              "ScaleX": 0.5,
              "ScaleY": 0.5
            },
            "Position": {
              "X": 258.6084,
              "Y": 387.7298
            },
            "Scale": {
              "ScaleX": 1.0,
              "ScaleY": 1.0
            },
            "CColor": {},
            "IconVisible": false,
            "PrePosition": {
              "X": 0.0,
              "Y": 0.0
            },
            "PreSize": {
              "X": 0.0,
              "Y": 0.0
            },
            "LeftMargin": 232.6084,
            "RightMargin": -284.6084,
            "TopMargin": -413.7298,
            "BottomMargin": 361.7298,
            "Tag": 6,
            "ActionTag": 1370429161,
            "Size": {
              "X": 52.0,
              "Y": 52.0
            },
            "Name": "btnClose",
            "ctype": "SpriteObjectData"
          }
        ],
        "Size": {
          "X": 0.0,
          "Y": 0.0
        },
        "Name": "Node",
        "ctype": "SingleNodeObjectData"
      },
      "UsedResources": [
        "../csi/csi_1.plist",
        "../csi/csi_1.png",
        "../csi/csi_10.plist",
        "../csi/csi_10.png",
        "../csi/csi_14.plist",
        "../csi/csi_14.png",
        "../csi/csi_17.plist",
        "../csi/csi_17.png",
        "../csi/csi_2.plist",
        "../csi/csi_2.png",
        "../csi/csi_20.plist",
        "../csi/csi_20.png",
        "../csi/csi_28.plist",
        "../csi/csi_28.png",
        "../csi/csi_34.plist",
        "../csi/csi_34.png",
        "../csi/csi_5.plist",
        "../csi/csi_5.png",
        "../csi/csi_9.plist",
        "../csi/csi_9.png",
        "../csi/scaleplist.plist",
        "../csi/scaleplist.png"
      ],
      "ctype": "GameFileData"
    }
  },
  "Type": "Node"
}