{
  "ID": "ed6ae5cf-e261-44e7-ac61-1650e47a4319",
  "Version": "3.10.0.0",
  "Name": "parachute_layer",
  "Content": {
    "Content": {
      "Animation": {
        "Duration": 0,
        "Speed": 1.0,
        "Timelines": [],
        "ctype": "TimelineActionData"
      },
      "AnimationList": [],
      "ObjectData": {
        "Tag": 59,
        "Children": [
          {
            "FileData": {
              "Type": "MarkedSubImage",
              "Path": "rank/tip_bg_scale.png",
              "Plist": "csi/scaleplist.plist"
            },
            "Scale9Enable": true,
            "Scale9OriginX": 99,
            "Scale9OriginY": 80,
            "Scale9Width": 102,
            "Scale9Height": 139,
            "AnchorPoint": {
              "ScaleX": 0.5,
              "ScaleY": 0.5
            },
            "Position": {
              "X": 366.4004,
              "Y": 668.1542
            },
            "Scale": {
              "ScaleX": 1.0,
              "ScaleY": 1.0
            },
            "CColor": {},
            "IconVisible": false,
            "PrePosition": {
              "X": 0.5089,
              "Y": 0.522
            },
            "PreSize": {
              "X": 0.9167,
              "Y": 0.5859
            },
            "LeftMargin": 36.4004,
            "RightMargin": 23.5996,
            "TopMargin": 236.8458,
            "BottomMargin": 293.1542,
            "Tag": 362,
            "ActionTag": -877961673,
            "Size": {
              "X": 660.0,
              "Y": 750.0
            },
            "Name": "Image_1",
            "ctype": "ImageViewObjectData"
          },
          {
            "FileData": {
              "Type": "MarkedSubImage",
              "Path": "rank/tip_bg_scale1.png",
              "Plist": "csi/scaleplist.plist"
            },
            "Scale9Enable": true,
            "Scale9OriginX": 49,
            "Scale9OriginY": 49,
            "Scale9Width": 52,
            "Scale9Height": 52,
            "AnchorPoint": {
              "ScaleX": 0.5,
              "ScaleY": 0.5
            },
            "Position": {
              "X": 364.4009,
              "Y": 634.3481
            },
            "Scale": {
              "ScaleX": 1.0,
              "ScaleY": 1.0
            },
            "CColor": {},
            "IconVisible": false,
            "PrePosition": {
              "X": 0.5061,
              "Y": 0.4956
            },
            "PreSize": {
              "X": 0.7778,
              "Y": 0.4531
            },
            "LeftMargin": 84.4009,
            "RightMargin": 75.5991,
            "TopMargin": 355.6519,
            "BottomMargin": 344.3481,
            "Tag": 361,
            "ActionTag": -1748186871,
            "Size": {
              "X": 560.0,
              "Y": 580.0
            },
            "Name": "Image_3",
            "ctype": "ImageViewObjectData"
          },
          {
            "FileData": {
              "Type": "MarkedSubImage",
              "Path": "rank/giftbg2.png",
              "Plist": "csi/scaleplist.plist"
            },
            "Scale9Enable": true,
            "Scale9OriginX": 50,
            "Scale9OriginY": 50,
            "Scale9Width": 54,
            "Scale9Height": 54,
            "AnchorPoint": {
              "ScaleX": 0.5,
              "ScaleY": 0.5
            },
            "Position": {
              "X": 365.4626,
              "Y": 714.6636
            },
            "Scale": {
              "ScaleX": 1.0,
              "ScaleY": 1.0
            },
            "CColor": {},
            "IconVisible": false,
            "PrePosition": {
              "X": 0.5076,
              "Y": 0.5583
            },
            "PreSize": {
              "X": 0.7222,
              "Y": 0.3
            },
            "LeftMargin": 105.4626,
            "RightMargin": 94.5374,
            "TopMargin": 373.3364,
            "BottomMargin": 522.6636,
            "Tag": 360,
            "ActionTag": 1419135527,
            "Size": {
              "X": 520.0,
              "Y": 384.0
            },
            "Name": "Image_2",
            "ctype": "ImageViewObjectData"
          },
          {
            "FileData": {
              "Type": "MarkedSubImage",
              "Path": "sign/gift.png",
              "Plist": "csi/csi_34.plist"
            },
            "BlendFunc": {
              "Src": 1,
              "Dst": 771
            },
            "AnchorPoint": {
              "ScaleX": 0.5,
              "ScaleY": 0.5
            },
            "Position": {
              "X": 365.9996,
              "Y": 757.0983
            },
            "Scale": {
              "ScaleX": 1.0,
              "ScaleY": 1.0
            },
            "CColor": {},
            "IconVisible": false,
            "PrePosition": {
              "X": 0.5083,
              "Y": 0.5915
            },
            "PreSize": {
              "X": 0.2431,
              "Y": 0.1414
            },
            "LeftMargin": 278.4996,
            "RightMargin": 266.5004,
            "TopMargin": 432.4017,
            "BottomMargin": 666.5983,
            "Tag": 79,
            "ActionTag": -1386950450,
            "Size": {
              "X": 175.0,
              "Y": 181.0
            },
            "Name": "gift_16",
            "ctype": "SpriteObjectData"
          },
          {
            "FileData": {
              "Type": "MarkedSubImage",
              "Path": "sign/for_free.png",
              "Plist": "csi/csi_10.plist"
            },
            "BlendFunc": {
              "Src": 1,
              "Dst": 771
            },
            "AnchorPoint": {
              "ScaleX": 0.5,
              "ScaleY": 0.5
            },
            "Position": {
              "X": 371.0,
              "Y": 587.6899
            },
            "Scale": {
              "ScaleX": 1.0,
              "ScaleY": 1.0
            },
            "CColor": {},
            "IconVisible": false,
            "PrePosition": {
              "X": 0.5153,
              "Y": 0.4591
            },
            "PreSize": {
              "X": 0.4847,
              "Y": 0.05
            },
            "LeftMargin": 196.5,
            "RightMargin": 174.5,
            "TopMargin": 660.3101,
            "BottomMargin": 555.6899,
            "Tag": 81,
            "ActionTag": 416164107,
            "Size": {
              "X": 349.0,
              "Y": 64.0
            },
            "Name": "for_free_18",
            "ctype": "SpriteObjectData"
          },
          {
            "FileData": {
              "Type": "MarkedSubImage",
              "Path": "sign/surprise.png",
              "Plist": "csi/csi_34.plist"
            },
            "BlendFunc": {
              "Src": 1,
              "Dst": 771
            },
            "AnchorPoint": {
              "ScaleX": 0.5,
              "ScaleY": 0.5
            },
            "Position": {
              "X": 360.0,
              "Y": 968.9102
            },
            "Scale": {
              "ScaleX": 1.0,
              "ScaleY": 1.0
            },
            "CColor": {},
            "IconVisible": false,
            "PrePosition": {
              "X": 0.5,
              "Y": 0.757
            },
            "PreSize": {
              "X": 0.4403,
              "Y": 0.0398
            },
            "LeftMargin": 201.5,
            "RightMargin": 201.5,
            "TopMargin": 285.5898,
            "BottomMargin": 943.4102,
            "Tag": 82,
            "ActionTag": -1711901332,
            "Size": {
              "X": 317.0,
              "Y": 51.0
            },
            "Name": "surprise_19",
            "ctype": "SpriteObjectData"
          },
          {
            "FileData": {
              "Type": "MarkedSubImage",
              "Path": "watchad/jelly-anniu.png",
              "Plist": "csi/csi_5.plist"
            },
            "BlendFunc": {
              "Src": 1,
              "Dst": 771
            },
            "AnchorPoint": {
              "ScaleX": 0.5,
              "ScaleY": 0.5
            },
            "Position": {
              "X": 360.0,
              "Y": 447.556
            },
            "Scale": {
              "ScaleX": 1.0,
              "ScaleY": 1.0
            },
            "CColor": {},
            "IconVisible": false,
            "PrePosition": {
              "X": 0.5,
              "Y": 0.3497
            },
            "PreSize": {
              "X": 0.6069,
              "Y": 0.0977
            },
            "LeftMargin": 141.5,
            "RightMargin": 141.5,
            "TopMargin": 769.944,
            "BottomMargin": 385.056,
            "Tag": 83,
            "Children": [
              {
                "FileData": {
                  "Type": "MarkedSubImage",
                  "Path": "watchad/jelly-watch.png",
                  "Plist": "csi/csi_5.plist"
                },
                "BlendFunc": {
                  "Src": 1,
                  "Dst": 771
                },
                "AnchorPoint": {
                  "ScaleX": 0.5,
                  "ScaleY": 0.5
                },
                "Position": {
                  "X": 219.2985,
                  "Y": 63.2999
                },
                "Scale": {
                  "ScaleX": 1.0,
                  "ScaleY": 1.0
                },
                "CColor": {},
                "IconVisible": false,
                "PrePosition": {
                  "X": 0.5018,
                  "Y": 0.5064
                },
                "PreSize": {
                  "X": 0.4966,
                  "Y": 0.384
                },
                "LeftMargin": 110.7985,
                "RightMargin": 109.2015,
                "TopMargin": 37.7001,
                "BottomMargin": 39.2999,
                "Tag": 363,
                "ActionTag": -1708207900,
                "Size": {
                  "X": 217.0,
                  "Y": 48.0
                },
                "Name": "n_watchdes",
                "ctype": "SpriteObjectData"
              }
            ],
            "ActionTag": -129613294,
            "Size": {
              "X": 437.0,
              "Y": 125.0
            },
            "Name": "btnWatch",
            "ctype": "SpriteObjectData"
          },
          {
            "FileData": {
              "Type": "MarkedSubImage",
              "Path": "game/closebtnbg.png",
              "Plist": "csi/csi_1.plist"
            },
            "BlendFunc": {
              "Src": 1,
              "Dst": 771
            },
            "AnchorPoint": {
              "ScaleX": 0.5,
              "ScaleY": 0.5
            },
            "Position": {
              "X": 613.9282,
              "Y": 963.1527
            },
            "Scale": {
              "ScaleX": 0.8,
              "ScaleY": 0.8
            },
            "CColor": {},
            "IconVisible": false,
            "PrePosition": {
              "X": 0.8527,
              "Y": 0.7525
            },
            "PreSize": {
              "X": 0.1139,
              "Y": 0.0641
            },
            "LeftMargin": 572.9282,
            "RightMargin": 65.0718,
            "TopMargin": 275.8473,
            "BottomMargin": 922.1527,
            "Tag": 82,
            "ActionTag": 1440091761,
            "Size": {
              "X": 82.0,
              "Y": 82.0
            },
            "Name": "closebtnbg_6",
            "ctype": "SpriteObjectData"
          },
          {
            "FileData": {
              "Type": "MarkedSubImage",
              "Path": "rank/close.png",
              "Plist": "csi/csi_17.plist"
            },
            "BlendFunc": {
              "Src": 1,
              "Dst": 771
            },
            "AnchorPoint": {
              "ScaleX": 0.5,
              "ScaleY": 0.5
            },
            "Position": {
              "X": 614.3641,
              "Y": 963.093
            },
            "Scale": {
              "ScaleX": 1.0,
              "ScaleY": 1.0
            },
            "CColor": {},
            "IconVisible": false,
            "PrePosition": {
              "X": 0.8533,
              "Y": 0.7524
            },
            "PreSize": {
              "X": 0.0722,
              "Y": 0.0406
            },
            "LeftMargin": 588.3641,
            "RightMargin": 79.6359,
            "TopMargin": 290.907,
            "BottomMargin": 937.093,
            "Tag": 80,
            "ActionTag": 1514369378,
            "Size": {
              "X": 52.0,
              "Y": 52.0
            },
            "Name": "btnClose",
            "ctype": "SpriteObjectData"
          },
          {
            "FileData": {
              "Type": "MarkedSubImage",
              "Path": "watchad/jelly-anniu.png",
              "Plist": "csi/csi_5.plist"
            },
            "BlendFunc": {
              "Src": 1,
              "Dst": 771
            },
            "AnchorPoint": {
              "ScaleX": 0.5,
              "ScaleY": 0.5
            },
            "Position": {
              "X": 357.9369,
              "Y": 445.9625
            },
            "Scale": {
              "ScaleX": 1.0,
              "ScaleY": 1.0
            },
            "CColor": {},
            "IconVisible": false,
            "PrePosition": {
              "X": 0.4971,
              "Y": 0.3484
            },
            "PreSize": {
              "X": 0.6069,
              "Y": 0.0977
            },
            "LeftMargin": 139.4369,
            "RightMargin": 143.5631,
            "TopMargin": 771.5375,
            "BottomMargin": 383.4625,
            "Tag": 184,
            "Children": [
              {
                "FileData": {
                  "Type": "MarkedSubImage",
                  "Path": "watchad/invite.png",
                  "Plist": "csi/csi_9.plist"
                },
                "BlendFunc": {
                  "Src": 1,
                  "Dst": 771
                },
                "AnchorPoint": {
                  "ScaleX": 0.5,
                  "ScaleY": 0.5
                },
                "Position": {
                  "X": 219.4443,
                  "Y": 64.9765
                },
                "Scale": {
                  "ScaleX": 1.0,
                  "ScaleY": 1.0
                },
                "CColor": {},
                "IconVisible": false,
                "PrePosition": {
                  "X": 0.5022,
                  "Y": 0.5198
                },
                "PreSize": {
                  "X": 0.4943,
                  "Y": 0.512
                },
                "LeftMargin": 111.4443,
                "RightMargin": 109.5557,
                "TopMargin": 28.0235,
                "BottomMargin": 32.9765,
                "Tag": 185,
                "ActionTag": 1530994641,
                "Size": {
                  "X": 216.0,
                  "Y": 64.0
                },
                "Name": "Sprite_1",
                "ctype": "SpriteObjectData"
              }
            ],
            "ActionTag": 1957629616,
            "Size": {
              "X": 437.0,
              "Y": 125.0
            },
            "Name": "btnInvite",
            "ctype": "SpriteObjectData"
          }
        ],
        "Size": {
          "X": 720.0,
          "Y": 1280.0
        },
        "Name": "Layer",
        "ctype": "LayerObjectData"
      },
      "UsedResources": [
        "../csi/csi_1.plist",
        "../csi/csi_1.png",
        "../csi/csi_10.plist",
        "../csi/csi_10.png",
        "../csi/csi_17.plist",
        "../csi/csi_17.png",
        "../csi/csi_34.plist",
        "../csi/csi_34.png",
        "../csi/csi_5.plist",
        "../csi/csi_5.png",
        "../csi/csi_9.plist",
        "../csi/csi_9.png",
        "../csi/scaleplist.plist",
        "../csi/scaleplist.png"
      ],
      "ctype": "GameFileData"
    }
  },
  "Type": "Layer"
}