{
  "ID": "4639cd5b-5589-43ed-b981-2510fd3e6db0",
  "Version": "3.10.0.0",
  "Name": "resurgence",
  "Content": {
    "Content": {
      "Animation": {
        "Duration": 0,
        "Speed": 1.0,
        "Timelines": [],
        "ctype": "TimelineActionData"
      },
      "AnimationList": [],
      "ObjectData": {
        "Tag": 16,
        "Children": [
          {
            "FileData": {
              "Type": "MarkedSubImage",
              "Path": "rank/tip_bg_scale.png",
              "Plist": "csi/scaleplist.plist"
            },
            "Scale9Enable": true,
            "Scale9OriginX": 99,
            "Scale9OriginY": 80,
            "Scale9Width": 102,
            "Scale9Height": 139,
            "AnchorPoint": {
              "ScaleX": 0.5,
              "ScaleY": 0.5
            },
            "Position": {
              "X": 368.8125,
              "Y": 636.2768
            },
            "Scale": {
              "ScaleX": 1.0,
              "ScaleY": 1.0
            },
            "CColor": {},
            "IconVisible": false,
            "PrePosition": {
              "X": 0.5122,
              "Y": 0.4971
            },
            "PreSize": {
              "X": 0.8556,
              "Y": 0.5844
            },
            "LeftMargin": 60.8125,
            "RightMargin": 43.1875,
            "TopMargin": 269.7232,
            "BottomMargin": 262.2768,
            "Tag": 1740,
            "ActionTag": -1498703094,
            "Size": {
              "X": 616.0,
              "Y": 748.0
            },
            "Name": "Image_1_0",
            "ctype": "ImageViewObjectData"
          },
          {
            "FileData": {
              "Type": "MarkedSubImage",
              "Path": "rank/tip_bg_scale1.png",
              "Plist": "csi/scaleplist.plist"
            },
            "Scale9Enable": true,
            "Scale9OriginX": 49,
            "Scale9OriginY": 49,
            "Scale9Width": 52,
            "Scale9Height": 52,
            "AnchorPoint": {
              "ScaleX": 0.5,
              "ScaleY": 0.5
            },
            "Position": {
              "X": 366.806,
              "Y": 602.4712
            },
            "Scale": {
              "ScaleX": 1.0,
              "ScaleY": 1.0
            },
            "CColor": {},
            "IconVisible": false,
            "PrePosition": {
              "X": 0.5095,
              "Y": 0.4707
            },
            "PreSize": {
              "X": 0.7444,
              "Y": 0.4719
            },
            "LeftMargin": 98.806,
            "RightMargin": 85.194,
            "TopMargin": 375.5288,
            "BottomMargin": 300.4712,
            "Tag": 1739,
            "ActionTag": 771777102,
            "Size": {
              "X": 536.0,
              "Y": 604.0
            },
            "Name": "Image_3",
            "ctype": "ImageViewObjectData"
          },
          {
            "FileData": {
              "Type": "MarkedSubImage",
              "Path": "result/invitebtn.png",
              "Plist": "csi/csi_9.plist"
            },
            "BlendFunc": {
              "Src": 1,
              "Dst": 771
            },
            "AnchorPoint": {
              "ScaleX": 0.5,
              "ScaleY": 0.5
            },
            "Position": {
              "X": 360.0,
              "Y": 375.9999
            },
            "Scale": {
              "ScaleX": 1.0,
              "ScaleY": 1.0
            },
            "CColor": {},
            "IconVisible": false,
            "PrePosition": {
              "X": 0.5,
              "Y": 0.2937
            },
            "PreSize": {
              "X": 0.4639,
              "Y": 0.0844
            },
            "LeftMargin": 193.0,
            "RightMargin": 193.0,
            "TopMargin": 850.0001,
            "BottomMargin": 321.9999,
            "Tag": 23,
            "Children": [
              {
                "FileData": {
                  "Type": "MarkedSubImage",
                  "Path": "result/watchicon.png",
                  "Plist": "csi/csi_9.plist"
                },
                "BlendFunc": {
                  "Src": 1,
                  "Dst": 771
                },
                "AnchorPoint": {
                  "ScaleX": 0.5,
                  "ScaleY": 0.5
                },
                "Position": {
                  "X": 100.0,
                  "Y": 56.0
                },
                "Scale": {
                  "ScaleX": 1.0,
                  "ScaleY": 1.0
                },
                "CColor": {},
                "IconVisible": false,
                "PrePosition": {
                  "X": 0.2994,
                  "Y": 0.5185
                },
                "PreSize": {
                  "X": 0.1976,
                  "Y": 0.5185
                },
                "LeftMargin": 67.0,
                "RightMargin": 201.0,
                "TopMargin": 24.0,
                "BottomMargin": 28.0,
                "Tag": 628,
                "ActionTag": 359385047,
                "Size": {
                  "X": 66.0,
                  "Y": 56.0
                },
                "Name": "watchicon",
                "ctype": "SpriteObjectData"
              },
              {
                "FileData": {
                  "Type": "MarkedSubImage",
                  "Path": "result/watchdes.png",
                  "Plist": "csi/csi_9.plist"
                },
                "BlendFunc": {
                  "Src": 1,
                  "Dst": 771
                },
                "AnchorPoint": {
                  "ScaleX": 0.5,
                  "ScaleY": 0.5
                },
                "Position": {
                  "X": 210.2711,
                  "Y": 56.0
                },
                "Scale": {
                  "ScaleX": 1.0,
                  "ScaleY": 1.0
                },
                "CColor": {},
                "IconVisible": false,
                "PrePosition": {
                  "X": 0.6296,
                  "Y": 0.5185
                },
                "PreSize": {
                  "X": 0.3862,
                  "Y": 0.2963
                },
                "LeftMargin": 145.7711,
                "RightMargin": 59.2289,
                "TopMargin": 36.0,
                "BottomMargin": 40.0,
                "Tag": 629,
                "ActionTag": 255526483,
                "Size": {
                  "X": 129.0,
                  "Y": 32.0
                },
                "Name": "btndes",
                "ctype": "SpriteObjectData"
              }
            ],
            "ActionTag": -1010487302,
            "Size": {
              "X": 334.0,
              "Y": 108.0
            },
            "Name": "btnWatch",
            "ctype": "SpriteObjectData"
          },
          {
            "FileData": {
              "Type": "MarkedSubImage",
              "Path": "game/closebtnbg.png",
              "Plist": "csi/csi_1.plist"
            },
            "BlendFunc": {
              "Src": 1,
              "Dst": 771
            },
            "AnchorPoint": {
              "ScaleX": 0.5,
              "ScaleY": 0.5
            },
            "Position": {
              "X": 596.9069,
              "Y": 938.0275
            },
            "Scale": {
              "ScaleX": 0.8,
              "ScaleY": 0.8
            },
            "CColor": {},
            "IconVisible": false,
            "PrePosition": {
              "X": 0.829,
              "Y": 0.7328
            },
            "PreSize": {
              "X": 0.1139,
              "Y": 0.0641
            },
            "LeftMargin": 555.9069,
            "RightMargin": 82.0931,
            "TopMargin": 300.9725,
            "BottomMargin": 897.0275,
            "Tag": 80,
            "ActionTag": 1124714064,
            "Size": {
              "X": 82.0,
              "Y": 82.0
            },
            "Name": "closebtnbg_6",
            "ctype": "SpriteObjectData"
          },
          {
            "FileData": {
              "Type": "MarkedSubImage",
              "Path": "rank/close.png",
              "Plist": "csi/csi_17.plist"
            },
            "BlendFunc": {
              "Src": 1,
              "Dst": 771
            },
            "AnchorPoint": {
              "ScaleX": 0.5,
              "ScaleY": 0.5
            },
            "Position": {
              "X": 597.255,
              "Y": 938.0551
            },
            "Scale": {
              "ScaleX": 1.0,
              "ScaleY": 1.0
            },
            "CColor": {},
            "IconVisible": false,
            "PrePosition": {
              "X": 0.8295,
              "Y": 0.7329
            },
            "PreSize": {
              "X": 0.0722,
              "Y": 0.0406
            },
            "LeftMargin": 571.255,
            "RightMargin": 96.745,
            "TopMargin": 315.9449,
            "BottomMargin": 912.0551,
            "Tag": 346,
            "ActionTag": 974512653,
            "Size": {
              "X": 52.0,
              "Y": 52.0
            },
            "Name": "btnClose",
            "ctype": "SpriteObjectData"
          },
          {
            "FileData": {
              "Type": "MarkedSubImage",
              "Path": "game/more_times_today.png",
              "Plist": "csi/csi_10.plist"
            },
            "BlendFunc": {
              "Src": 1,
              "Dst": 771
            },
            "AnchorPoint": {
              "ScaleX": 0.5,
              "ScaleY": 0.5
            },
            "Position": {
              "X": 360.0,
              "Y": 933.3558
            },
            "Scale": {
              "ScaleX": 1.0,
              "ScaleY": 1.0
            },
            "CColor": {},
            "IconVisible": false,
            "PrePosition": {
              "X": 0.5,
              "Y": 0.7292
            },
            "PreSize": {
              "X": 0.5236,
              "Y": 0.0328
            },
            "LeftMargin": 171.5,
            "RightMargin": 171.5,
            "TopMargin": 325.6442,
            "BottomMargin": 912.3558,
            "Tag": 469,
            "ActionTag": -641420524,
            "Size": {
              "X": 377.0,
              "Y": 42.0
            },
            "Name": "more_times_today_4",
            "ctype": "SpriteObjectData"
          },
          {
            "FileData": {
              "Type": "MarkedSubImage",
              "Path": "result/five_big.png",
              "Plist": "csi/csi_9.plist"
            },
            "BlendFunc": {
              "Src": 1,
              "Dst": 771
            },
            "AnchorPoint": {
              "ScaleX": 0.5,
              "ScaleY": 0.5
            },
            "Position": {
              "X": 359.5693,
              "Y": 749.2072
            },
            "Scale": {
              "ScaleX": 1.0,
              "ScaleY": 1.0
            },
            "CColor": {},
            "IconVisible": false,
            "PrePosition": {
              "X": 0.4994,
              "Y": 0.5853
            },
            "PreSize": {
              "X": 0.4625,
              "Y": 0.1992
            },
            "LeftMargin": 193.0693,
            "RightMargin": 193.9307,
            "TopMargin": 403.2928,
            "BottomMargin": 621.7072,
            "Tag": 623,
            "ActionTag": 1437979375,
            "Size": {
              "X": 333.0,
              "Y": 255.0
            },
            "Name": "five_big_1",
            "ctype": "SpriteObjectData"
          },
          {
            "FileData": {
              "Type": "MarkedSubImage",
              "Path": "result/gembtn.png",
              "Plist": "csi/csi_9.plist"
            },
            "BlendFunc": {
              "Src": 1,
              "Dst": 771
            },
            "AnchorPoint": {
              "ScaleX": 0.5,
              "ScaleY": 0.5
            },
            "Position": {
              "X": 360.0,
              "Y": 491.0
            },
            "Scale": {
              "ScaleX": 1.0,
              "ScaleY": 1.0
            },
            "CColor": {},
            "IconVisible": false,
            "PrePosition": {
              "X": 0.5,
              "Y": 0.3836
            },
            "PreSize": {
              "X": 0.4639,
              "Y": 0.0836
            },
            "LeftMargin": 193.0,
            "RightMargin": 193.0,
            "TopMargin": 735.5,
            "BottomMargin": 437.5,
            "Tag": 624,
            "Children": [
              {
                "FileData": {
                  "Type": "MarkedSubImage",
                  "Path": "result/five_small.png",
                  "Plist": "csi/csi_9.plist"
                },
                "BlendFunc": {
                  "Src": 1,
                  "Dst": 771
                },
                "AnchorPoint": {
                  "ScaleX": 0.5,
                  "ScaleY": 0.5
                },
                "Position": {
                  "X": 99.7897,
                  "Y": 56.1277
                },
                "Scale": {
                  "ScaleX": 1.0,
                  "ScaleY": 1.0
                },
                "CColor": {},
                "IconVisible": false,
                "PrePosition": {
                  "X": 0.2988,
                  "Y": 0.5246
                },
                "PreSize": {
                  "X": 0.2066,
                  "Y": 0.6449
                },
                "LeftMargin": 65.2897,
                "RightMargin": 199.7103,
                "TopMargin": 16.3723,
                "BottomMargin": 21.6277,
                "Tag": 626,
                "ActionTag": -1066619557,
                "Size": {
                  "X": 69.0,
                  "Y": 69.0
                },
                "Name": "five_small_4",
                "ctype": "SpriteObjectData"
              },
              {
                "FileData": {
                  "Type": "MarkedSubImage",
                  "Path": "resurgence/diamond.png",
                  "Plist": "csi/csi_17.plist"
                },
                "BlendFunc": {
                  "Src": 1,
                  "Dst": 771
                },
                "AnchorPoint": {
                  "ScaleX": 0.5,
                  "ScaleY": 0.5
                },
                "Position": {
                  "X": 267.6862,
                  "Y": 52.4117
                },
                "Scale": {
                  "ScaleX": 1.0,
                  "ScaleY": 1.0
                },
                "CColor": {},
                "IconVisible": false,
                "PrePosition": {
                  "X": 0.8015,
                  "Y": 0.4898
                },
                "PreSize": {
                  "X": 0.2275,
                  "Y": 0.6168
                },
                "LeftMargin": 229.6862,
                "RightMargin": 28.3138,
                "TopMargin": 21.5883,
                "BottomMargin": 19.4117,
                "Tag": 627,
                "ActionTag": 701687080,
                "Size": {
                  "X": 76.0,
                  "Y": 66.0
                },
                "Name": "diamond_5",
                "ctype": "SpriteObjectData"
              },
              {
                "FontSize": 20,
                "LabelText": "Text Label",
                "HorizontalAlignmentType": "HT_Center",
                "OutlineColor": {
                  "G": 0,
                  "B": 0
                },
                "ShadowColor": {
                  "R": 110,
                  "G": 110,
                  "B": 110
                },
                "ShadowOffsetX": 2.0,
                "ShadowOffsetY": -2.0,
                "AnchorPoint": {
                  "ScaleX": 0.5,
                  "ScaleY": 0.5
                },
                "Position": {
                  "X": 181.9559,
                  "Y": 58.0512
                },
                "Scale": {
                  "ScaleX": 1.0,
                  "ScaleY": 1.0
                },
                "CColor": {},
                "IconVisible": false,
                "PrePosition": {
                  "X": 0.5448,
                  "Y": 0.5425
                },
                "PreSize": {
                  "X": 0.2994,
                  "Y": 0.1869
                },
                "LeftMargin": 131.9559,
                "RightMargin": 102.0441,
                "TopMargin": 38.9488,
                "BottomMargin": 48.0512,
                "Tag": 633,
                "ActionTag": -385202925,
                "Size": {
                  "X": 100.0,
                  "Y": 20.0
                },
                "Name": "aw_fnttype25_price",
                "ctype": "TextObjectData"
              }
            ],
            "ActionTag": -544337500,
            "Size": {
              "X": 334.0,
              "Y": 107.0
            },
            "Name": "gembtn",
            "ctype": "SpriteObjectData"
          },
          {
            "FileData": {
              "Type": "MarkedSubImage",
              "Path": "result/continuedes.png",
              "Plist": "csi/csi_9.plist"
            },
            "BlendFunc": {
              "Src": 1,
              "Dst": 771
            },
            "AnchorPoint": {
              "ScaleX": 0.5,
              "ScaleY": 0.5
            },
            "Position": {
              "X": 360.0,
              "Y": 580.0
            },
            "Scale": {
              "ScaleX": 1.0,
              "ScaleY": 1.0
            },
            "CColor": {},
            "IconVisible": false,
            "PrePosition": {
              "X": 0.5,
              "Y": 0.4531
            },
            "PreSize": {
              "X": 0.3208,
              "Y": 0.0266
            },
            "LeftMargin": 244.5,
            "RightMargin": 244.5,
            "TopMargin": 683.0,
            "BottomMargin": 563.0,
            "Tag": 625,
            "ActionTag": 2112295446,
            "Size": {
              "X": 231.0,
              "Y": 34.0
            },
            "Name": "continuedes_3",
            "ctype": "SpriteObjectData"
          },
          {
            "FileData": {
              "Type": "MarkedSubImage",
              "Path": "result/invitebtn.png",
              "Plist": "csi/csi_9.plist"
            },
            "BlendFunc": {
              "Src": 1,
              "Dst": 771
            },
            "AnchorPoint": {
              "ScaleX": 0.5,
              "ScaleY": 0.5
            },
            "Position": {
              "X": 360.0,
              "Y": 376.0
            },
            "Scale": {
              "ScaleX": 1.0,
              "ScaleY": 1.0
            },
            "CColor": {},
            "IconVisible": false,
            "PrePosition": {
              "X": 0.5,
              "Y": 0.2937
            },
            "PreSize": {
              "X": 0.4639,
              "Y": 0.0844
            },
            "LeftMargin": 193.0,
            "RightMargin": 193.0,
            "TopMargin": 850.0,
            "BottomMargin": 322.0,
            "Tag": 630,
            "Children": [
              {
                "FileData": {
                  "Type": "MarkedSubImage",
                  "Path": "result/inviteicon.png",
                  "Plist": "csi/csi_9.plist"
                },
                "BlendFunc": {
                  "Src": 1,
                  "Dst": 771
                },
                "AnchorPoint": {
                  "ScaleX": 0.5,
                  "ScaleY": 0.5
                },
                "Position": {
                  "X": 100.0,
                  "Y": 56.0
                },
                "Scale": {
                  "ScaleX": 1.0,
                  "ScaleY": 1.0
                },
                "CColor": {},
                "IconVisible": false,
                "PrePosition": {
                  "X": 0.2994,
                  "Y": 0.5185
                },
                "PreSize": {
                  "X": 0.1976,
                  "Y": 0.6111
                },
                "LeftMargin": 67.0,
                "RightMargin": 201.0,
                "TopMargin": 19.0,
                "BottomMargin": 23.0,
                "Tag": 631,
                "ActionTag": -1127354668,
                "Size": {
                  "X": 66.0,
                  "Y": 66.0
                },
                "Name": "watchicon_6",
                "ctype": "SpriteObjectData"
              },
              {
                "FileData": {
                  "Type": "MarkedSubImage",
                  "Path": "result/invitedes.png",
                  "Plist": "csi/csi_9.plist"
                },
                "BlendFunc": {
                  "Src": 1,
                  "Dst": 771
                },
                "AnchorPoint": {
                  "ScaleX": 0.5,
                  "ScaleY": 0.5
                },
                "Position": {
                  "X": 210.2711,
                  "Y": 56.0
                },
                "Scale": {
                  "ScaleX": 1.0,
                  "ScaleY": 1.0
                },
                "CColor": {},
                "IconVisible": false,
                "PrePosition": {
                  "X": 0.6296,
                  "Y": 0.5185
                },
                "PreSize": {
                  "X": 0.3503,
                  "Y": 0.3148
                },
                "LeftMargin": 151.7711,
                "RightMargin": 65.2289,
                "TopMargin": 35.0,
                "BottomMargin": 39.0,
                "Tag": 632,
                "ActionTag": 1215513852,
                "Size": {
                  "X": 117.0,
                  "Y": 34.0
                },
                "Name": "watchdes_7",
                "ctype": "SpriteObjectData"
              }
            ],
            "ActionTag": 277093661,
            "Size": {
              "X": 334.0,
              "Y": 108.0
            },
            "Name": "btninvite",
            "ctype": "SpriteObjectData"
          }
        ],
        "Size": {
          "X": 720.0,
          "Y": 1280.0
        },
        "Name": "Layer",
        "ctype": "LayerObjectData"
      },
      "UsedResources": [
        "../csi/csi_1.plist",
        "../csi/csi_1.png",
        "../csi/csi_10.plist",
        "../csi/csi_10.png",
        "../csi/csi_17.plist",
        "../csi/csi_17.png",
        "../csi/csi_9.plist",
        "../csi/csi_9.png",
        "../csi/scaleplist.plist",
        "../csi/scaleplist.png"
      ],
      "ctype": "GameFileData"
    }
  },
  "Type": "Layer"
}