{
  "ID": "48d1b2a7-87e6-450b-b0f4-c26abc340ee2",
  "Version": "3.10.0.0",
  "Name": "reward_node",
  "Content": {
    "Content": {
      "Animation": {
        "Duration": 0,
        "Speed": 1.0,
        "Timelines": [],
        "ctype": "TimelineActionData"
      },
      "AnimationList": [],
      "ObjectData": {
        "Tag": 44,
        "Children": [
          {
            "FileData": {
              "Type": "MarkedSubImage",
              "Path": "game/scalebg.png",
              "Plist": "csi/csi_1.plist"
            },
            "Scale9Enable": true,
            "Scale9OriginX": 99,
            "Scale9OriginY": 99,
            "Scale9Width": 102,
            "Scale9Height": 102,
            "AnchorPoint": {
              "ScaleX": 0.5,
              "ScaleY": 0.5
            },
            "Position": {
              "X": 0.0,
              "Y": 0.0
            },
            "Scale": {
              "ScaleX": 1.0,
              "ScaleY": 1.0
            },
            "CColor": {},
            "IconVisible": false,
            "PrePosition": {
              "X": 0.0,
              "Y": 0.0
            },
            "PreSize": {
              "X": 0.0,
              "Y": 0.0
            },
            "LeftMargin": -296.0,
            "RightMargin": -296.0,
            "TopMargin": -258.0,
            "BottomMargin": -258.0,
            "Tag": 458,
            "ActionTag": -1198907441,
            "Size": {
              "X": 592.0,
              "Y": 516.0
            },
            "Name": "Image_1",
            "ctype": "ImageViewObjectData"
          },
          {
            "FileData": {
              "Type": "MarkedSubImage",
              "Path": "game/light.png",
              "Plist": "csi/csi_10.plist"
            },
            "BlendFunc": {
              "Src": 1,
              "Dst": 771
            },
            "AnchorPoint": {
              "ScaleX": 0.5,
              "ScaleY": 0.5
            },
            "Position": {
              "X": 0.0,
              "Y": 0.0
            },
            "Scale": {
              "ScaleX": 2.0,
              "ScaleY": 2.0
            },
            "CColor": {},
            "IconVisible": false,
            "PrePosition": {
              "X": 0.0,
              "Y": 0.0
            },
            "PreSize": {
              "X": 0.0,
              "Y": 0.0
            },
            "LeftMargin": -125.0,
            "RightMargin": -125.0,
            "TopMargin": -94.0,
            "BottomMargin": -94.0,
            "Tag": 457,
            "ActionTag": 1932119926,
            "Size": {
              "X": 250.0,
              "Y": 188.0
            },
            "Name": "light_3",
            "ctype": "SpriteObjectData"
          },
          {
            "FlipX": true,
            "FileData": {
              "Type": "MarkedSubImage",
              "Path": "game/titlebgleft.png",
              "Plist": "csi/csi_1.plist"
            },
            "BlendFunc": {
              "Src": 1,
              "Dst": 771
            },
            "AnchorPoint": {
              "ScaleX": 0.5,
              "ScaleY": 0.5
            },
            "Position": {
              "X": 133.1916,
              "Y": 173.05
            },
            "Scale": {
              "ScaleX": 1.0,
              "ScaleY": 1.0
            },
            "CColor": {},
            "IconVisible": false,
            "PrePosition": {
              "X": 0.0,
              "Y": 0.0
            },
            "PreSize": {
              "X": 0.0,
              "Y": 0.0
            },
            "LeftMargin": -4.8084,
            "RightMargin": -271.1916,
            "TopMargin": -235.05,
            "BottomMargin": 111.05,
            "Tag": 455,
            "ActionTag": 2074862816,
            "Size": {
              "X": 276.0,
              "Y": 124.0
            },
            "Name": "titlebgleft_1_0",
            "ctype": "SpriteObjectData"
          },
          {
            "FileData": {
              "Type": "MarkedSubImage",
              "Path": "game/titlebgleft.png",
              "Plist": "csi/csi_1.plist"
            },
            "BlendFunc": {
              "Src": 1,
              "Dst": 771
            },
            "AnchorPoint": {
              "ScaleX": 0.5,
              "ScaleY": 0.5
            },
            "Position": {
              "X": -136.2627,
              "Y": 173.048
            },
            "Scale": {
              "ScaleX": 1.0,
              "ScaleY": 1.0
            },
            "CColor": {},
            "IconVisible": false,
            "PrePosition": {
              "X": 0.0,
              "Y": 0.0
            },
            "PreSize": {
              "X": 0.0,
              "Y": 0.0
            },
            "LeftMargin": -274.2627,
            "RightMargin": -1.7373,
            "TopMargin": -235.048,
            "BottomMargin": 111.048,
            "Tag": 456,
            "ActionTag": 127614201,
            "Size": {
              "X": 276.0,
              "Y": 124.0
            },
            "Name": "titlebgleft_1",
            "ctype": "SpriteObjectData"
          },
          {
            "FileData": {
              "Type": "MarkedSubImage",
              "Path": "get_reward/get_tool.png",
              "Plist": "csi/csi_7.plist"
            },
            "BlendFunc": {
              "Src": 1,
              "Dst": 771
            },
            "AnchorPoint": {
              "ScaleX": 0.5,
              "ScaleY": 0.5
            },
            "Position": {
              "X": 0.0004,
              "Y": 185.4232
            },
            "Scale": {
              "ScaleX": 1.0,
              "ScaleY": 1.0
            },
            "CColor": {},
            "IconVisible": false,
            "PrePosition": {
              "X": 0.0,
              "Y": 0.0
            },
            "PreSize": {
              "X": 0.0,
              "Y": 0.0
            },
            "LeftMargin": -149.9996,
            "RightMargin": -150.0004,
            "TopMargin": -212.9232,
            "BottomMargin": 157.9232,
            "Tag": 46,
            "ActionTag": -797264522,
            "Size": {
              "X": 300.0,
              "Y": 55.0
            },
            "Name": "Sprite_2",
            "ctype": "SpriteObjectData"
          },
          {
            "FileData": {
              "Type": "MarkedSubImage",
              "Path": "element/bomb_big.png",
              "Plist": "csi/csi_30.plist"
            },
            "BlendFunc": {
              "Src": 1,
              "Dst": 771
            },
            "AnchorPoint": {
              "ScaleX": 0.5,
              "ScaleY": 0.5
            },
            "Position": {
              "X": -9.7578,
              "Y": 3.8303
            },
            "Scale": {
              "ScaleX": 0.9,
              "ScaleY": 0.9
            },
            "CColor": {},
            "IconVisible": false,
            "PrePosition": {
              "X": 0.0,
              "Y": 0.0
            },
            "PreSize": {
              "X": 0.0,
              "Y": 0.0
            },
            "LeftMargin": -143.2578,
            "RightMargin": -123.7422,
            "TopMargin": -147.8303,
            "BottomMargin": -140.1697,
            "Tag": 49,
            "ActionTag": 642619575,
            "Size": {
              "X": 267.0,
              "Y": 288.0
            },
            "Name": "icon",
            "ctype": "SpriteObjectData"
          },
          {
            "FontSize": 48,
            "LabelText": "xxxxxxxxxxxx1",
            "FontResource": {
              "Type": "Normal",
              "Path": "font/jellycursh_font.ttf",
              "Plist": ""
            },
            "OutlineColor": {
              "G": 0,
              "B": 0
            },
            "ShadowColor": {
              "R": 110,
              "G": 110,
              "B": 110
            },
            "ShadowOffsetX": 2.0,
            "ShadowOffsetY": -2.0,
            "AnchorPoint": {
              "ScaleX": 0.5,
              "ScaleY": 0.5
            },
            "Position": {
              "X": -0.4597,
              "Y": -111.1295
            },
            "Scale": {
              "ScaleX": 1.0,
              "ScaleY": 1.0
            },
            "CColor": {
              "R": 165,
              "G": 42,
              "B": 42
            },
            "IconVisible": false,
            "PrePosition": {
              "X": 0.0,
              "Y": 0.0
            },
            "PreSize": {
              "X": 0.0,
              "Y": 0.0
            },
            "LeftMargin": -162.4597,
            "RightMargin": -161.5403,
            "TopMargin": 81.6295,
            "BottomMargin": -140.6295,
            "Tag": 50,
            "ActionTag": -1804458182,
            "Size": {
              "X": 324.0,
              "Y": 59.0
            },
            "Alpha": 209,
            "Name": "text",
            "ctype": "TextObjectData"
          },
          {
            "FileData": {
              "Type": "MarkedSubImage",
              "Path": "get_reward/get.png",
              "Plist": "csi/csi_2.plist"
            },
            "BlendFunc": {
              "Src": 1,
              "Dst": 771
            },
            "AnchorPoint": {
              "ScaleX": 0.5,
              "ScaleY": 0.5
            },
            "Position": {
              "X": 0.0,
              "Y": -181.0144
            },
            "Scale": {
              "ScaleX": 1.0,
              "ScaleY": 1.0
            },
            "CColor": {},
            "IconVisible": false,
            "PrePosition": {
              "X": 0.0,
              "Y": 0.0
            },
            "PreSize": {
              "X": 0.0,
              "Y": 0.0
            },
            "LeftMargin": -104.5,
            "RightMargin": -104.5,
            "TopMargin": 142.5144,
            "BottomMargin": -219.5144,
            "Tag": 814,
            "ActionTag": -1346658850,
            "Size": {
              "X": 209.0,
              "Y": 77.0
            },
            "Name": "btnClose",
            "ctype": "SpriteObjectData"
          }
        ],
        "Size": {
          "X": 0.0,
          "Y": 0.0
        },
        "Name": "Node",
        "ctype": "SingleNodeObjectData"
      },
      "UsedResources": [
        "../csi/csi_1.plist",
        "../csi/csi_1.png",
        "../csi/csi_10.plist",
        "../csi/csi_10.png",
        "../csi/csi_2.plist",
        "../csi/csi_2.png",
        "../csi/csi_30.plist",
        "../csi/csi_30.png",
        "../csi/csi_7.plist",
        "../csi/csi_7.png",
        "../font/jellycursh_font.ttf"
      ],
      "ctype": "GameFileData"
    }
  },
  "Type": "Node"
}