{
  "ID": "2d0159d5-4327-4925-ac31-eb44a40118d1",
  "Version": "3.10.0.0",
  "Name": "targetboxlayer",
  "Content": {
    "Content": {
      "Animation": {
        "Duration": 0,
        "Speed": 1.0,
        "Timelines": [],
        "ctype": "TimelineActionData"
      },
      "AnimationList": [],
      "ObjectData": {
        "Tag": 33,
        "Children": [
          {
            "FileData": {
              "Type": "MarkedSubImage",
              "Path": "game/scalebg.png",
              "Plist": "csi/csi_1.plist"
            },
            "Scale9Enable": true,
            "Scale9OriginX": 99,
            "Scale9OriginY": 99,
            "Scale9Width": 102,
            "Scale9Height": 102,
            "AnchorPoint": {
              "ScaleX": 0.5,
              "ScaleY": 0.5
            },
            "Position": {
              "X": 364.7363,
              "Y": 678.0293
            },
            "Scale": {
              "ScaleX": 1.0,
              "ScaleY": 1.0
            },
            "CColor": {},
            "IconVisible": false,
            "PrePosition": {
              "X": 0.5066,
              "Y": 0.5297
            },
            "PreSize": {
              "X": 0.8278,
              "Y": 0.4182
            },
            "LeftMargin": 66.7363,
            "RightMargin": 57.2637,
            "TopMargin": 334.2918,
            "BottomMargin": 410.3504,
            "Tag": 34,
            "ActionTag": 1219613143,
            "Size": {
              "X": 596.0,
              "Y": 535.3578
            },
            "Name": "bgimg",
            "ctype": "ImageViewObjectData"
          },
          {
            "FileData": {
              "Type": "MarkedSubImage",
              "Path": "game/titlebgleft.png",
              "Plist": "csi/csi_1.plist"
            },
            "BlendFunc": {
              "Src": 1,
              "Dst": 771
            },
            "AnchorPoint": {
              "ScaleX": 0.5,
              "ScaleY": 0.5
            },
            "Position": {
              "X": 500.4839,
              "Y": 860.0151
            },
            "Scale": {
              "ScaleX": -1.0,
              "ScaleY": 1.0
            },
            "CColor": {},
            "IconVisible": false,
            "PrePosition": {
              "X": 0.6951,
              "Y": 0.6719
            },
            "PreSize": {
              "X": 0.3833,
              "Y": 0.0969
            },
            "LeftMargin": 362.4839,
            "RightMargin": 81.5161,
            "TopMargin": 357.9849,
            "BottomMargin": 798.0151,
            "Tag": 67,
            "ActionTag": 779915563,
            "Size": {
              "X": 276.0,
              "Y": 124.0
            },
            "Name": "titlebg2",
            "ctype": "SpriteObjectData"
          },
          {
            "FileData": {
              "Type": "MarkedSubImage",
              "Path": "game/titlebgleft.png",
              "Plist": "csi/csi_1.plist"
            },
            "BlendFunc": {
              "Src": 1,
              "Dst": 771
            },
            "AnchorPoint": {
              "ScaleX": 0.5,
              "ScaleY": 0.5
            },
            "Position": {
              "X": 224.4849,
              "Y": 860.0151
            },
            "Scale": {
              "ScaleX": 1.0,
              "ScaleY": 1.0
            },
            "CColor": {},
            "IconVisible": false,
            "PrePosition": {
              "X": 0.3118,
              "Y": 0.6719
            },
            "PreSize": {
              "X": 0.3833,
              "Y": 0.0969
            },
            "LeftMargin": 86.4849,
            "RightMargin": 357.5151,
            "TopMargin": 357.9849,
            "BottomMargin": 798.0151,
            "Tag": 68,
            "ActionTag": -1498648878,
            "Size": {
              "X": 276.0,
              "Y": 124.0
            },
            "Name": "titlebg",
            "ctype": "SpriteObjectData"
          },
          {
            "FileData": {
              "Type": "MarkedSubImage",
              "Path": "get_reward/get_tool.png",
              "Plist": "csi/csi_7.plist"
            },
            "BlendFunc": {
              "Src": 1,
              "Dst": 771
            },
            "AnchorPoint": {
              "ScaleX": 0.5,
              "ScaleY": 0.5
            },
            "Position": {
              "X": 362.5146,
              "Y": 878.9515
            },
            "Scale": {
              "ScaleX": 1.0,
              "ScaleY": 1.0
            },
            "CColor": {},
            "IconVisible": false,
            "PrePosition": {
              "X": 0.5035,
              "Y": 0.6867
            },
            "PreSize": {
              "X": 0.4181,
              "Y": 0.0586
            },
            "LeftMargin": 212.0146,
            "RightMargin": 206.9854,
            "TopMargin": 363.5485,
            "BottomMargin": 841.4515,
            "Tag": 69,
            "ActionTag": 1380111043,
            "Size": {
              "X": 301.0,
              "Y": 75.0
            },
            "Name": "titlesprite",
            "ctype": "SpriteObjectData"
          },
          {
            "FileData": {
              "Type": "MarkedSubImage",
              "Path": "get_reward/light.png",
              "Plist": "csi/csi_2.plist"
            },
            "BlendFunc": {
              "Src": 1,
              "Dst": 771
            },
            "AnchorPoint": {
              "ScaleX": 0.5,
              "ScaleY": 0.5
            },
            "Position": {
              "X": 189.7233,
              "Y": 675.9203
            },
            "Scale": {
              "ScaleX": 0.8,
              "ScaleY": 0.8
            },
            "CColor": {},
            "IconVisible": false,
            "PrePosition": {
              "X": 0.2635,
              "Y": 0.5281
            },
            "PreSize": {
              "X": 0.3389,
              "Y": 0.1797
            },
            "LeftMargin": 67.7233,
            "RightMargin": 408.2767,
            "TopMargin": 489.0797,
            "BottomMargin": 560.9203,
            "Tag": 222,
            "ActionTag": -1673348273,
            "Size": {
              "X": 244.0,
              "Y": 230.0
            },
            "Name": "iconbg",
            "ctype": "SpriteObjectData"
          },
          {
            "FileData": {
              "Type": "MarkedSubImage",
              "Path": "get_reward/light.png",
              "Plist": "csi/csi_2.plist"
            },
            "BlendFunc": {
              "Src": 1,
              "Dst": 771
            },
            "AnchorPoint": {
              "ScaleX": 0.5,
              "ScaleY": 0.5
            },
            "Position": {
              "X": 358.9956,
              "Y": 675.9203
            },
            "Scale": {
              "ScaleX": 0.8,
              "ScaleY": 0.8
            },
            "CColor": {},
            "IconVisible": false,
            "PrePosition": {
              "X": 0.4986,
              "Y": 0.5281
            },
            "PreSize": {
              "X": 0.3389,
              "Y": 0.1797
            },
            "LeftMargin": 236.9956,
            "RightMargin": 239.0044,
            "TopMargin": 489.0797,
            "BottomMargin": 560.9203,
            "Tag": 223,
            "ActionTag": -260674265,
            "Size": {
              "X": 244.0,
              "Y": 230.0
            },
            "Name": "iconbg_0",
            "ctype": "SpriteObjectData"
          },
          {
            "FileData": {
              "Type": "MarkedSubImage",
              "Path": "get_reward/light.png",
              "Plist": "csi/csi_2.plist"
            },
            "BlendFunc": {
              "Src": 1,
              "Dst": 771
            },
            "AnchorPoint": {
              "ScaleX": 0.5,
              "ScaleY": 0.5
            },
            "Position": {
              "X": 525.7693,
              "Y": 675.9203
            },
            "Scale": {
              "ScaleX": 0.8,
              "ScaleY": 0.8
            },
            "CColor": {},
            "IconVisible": false,
            "PrePosition": {
              "X": 0.7302,
              "Y": 0.5281
            },
            "PreSize": {
              "X": 0.3389,
              "Y": 0.1797
            },
            "LeftMargin": 403.7693,
            "RightMargin": 72.2307,
            "TopMargin": 489.0797,
            "BottomMargin": 560.9203,
            "Tag": 224,
            "ActionTag": -1492436302,
            "Size": {
              "X": 244.0,
              "Y": 230.0
            },
            "Name": "iconbg_1",
            "ctype": "SpriteObjectData"
          },
          {
            "FileData": {
              "Type": "MarkedSubImage",
              "Path": "pngdata/firstGift/png6.png",
              "Plist": "csi/csi_34.plist"
            },
            "BlendFunc": {
              "Src": 1,
              "Dst": 771
            },
            "AnchorPoint": {
              "ScaleX": 0.5,
              "ScaleY": 0.5
            },
            "Position": {
              "X": 357.7451,
              "Y": 675.921
            },
            "Scale": {
              "ScaleX": 1.0,
              "ScaleY": 1.0
            },
            "CColor": {},
            "IconVisible": false,
            "PrePosition": {
              "X": 0.4969,
              "Y": 0.5281
            },
            "PreSize": {
              "X": 0.1597,
              "Y": 0.093
            },
            "LeftMargin": 300.2451,
            "RightMargin": 304.7549,
            "TopMargin": 544.579,
            "BottomMargin": 616.421,
            "Tag": 173,
            "ActionTag": -1230168254,
            "Size": {
              "X": 115.0,
              "Y": 119.0
            },
            "Name": "rewardicon1",
            "ctype": "SpriteObjectData"
          },
          {
            "FileData": {
              "Type": "MarkedSubImage",
              "Path": "pngdata/firstGift/png5.png",
              "Plist": "csi/csi_34.plist"
            },
            "BlendFunc": {
              "Src": 1,
              "Dst": 771
            },
            "AnchorPoint": {
              "ScaleX": 0.5,
              "ScaleY": 0.5
            },
            "Position": {
              "X": 525.7651,
              "Y": 675.9176
            },
            "Scale": {
              "ScaleX": 1.0,
              "ScaleY": 1.0
            },
            "CColor": {},
            "IconVisible": false,
            "PrePosition": {
              "X": 0.7302,
              "Y": 0.5281
            },
            "PreSize": {
              "X": 0.1583,
              "Y": 0.0922
            },
            "LeftMargin": 468.7651,
            "RightMargin": 137.2349,
            "TopMargin": 545.0824,
            "BottomMargin": 616.9176,
            "Tag": 174,
            "ActionTag": 236982409,
            "Size": {
              "X": 114.0,
              "Y": 118.0
            },
            "Name": "rewardicon1_0",
            "ctype": "SpriteObjectData"
          },
          {
            "FileData": {
              "Type": "MarkedSubImage",
              "Path": "get_reward/powerget1.png",
              "Plist": "csi/csi_16.plist"
            },
            "BlendFunc": {
              "Src": 1,
              "Dst": 771
            },
            "AnchorPoint": {
              "ScaleX": 0.5,
              "ScaleY": 0.5
            },
            "Position": {
              "X": 189.7247,
              "Y": 675.9176
            },
            "Scale": {
              "ScaleX": 1.0,
              "ScaleY": 1.0
            },
            "CColor": {},
            "IconVisible": false,
            "PrePosition": {
              "X": 0.2635,
              "Y": 0.5281
            },
            "PreSize": {
              "X": 0.1583,
              "Y": 0.0922
            },
            "LeftMargin": 132.7247,
            "RightMargin": 473.2753,
            "TopMargin": 545.0824,
            "BottomMargin": 616.9176,
            "Tag": 175,
            "ActionTag": -775845855,
            "Size": {
              "X": 114.0,
              "Y": 118.0
            },
            "Name": "rewardicon1_1",
            "ctype": "SpriteObjectData"
          },
          {
            "FileData": {
              "Type": "MarkedSubImage",
              "Path": "get_reward/targetget.png",
              "Plist": "csi/csi_12.plist"
            },
            "BlendFunc": {
              "Src": 1,
              "Dst": 771
            },
            "AnchorPoint": {
              "ScaleX": 0.5,
              "ScaleY": 0.5
            },
            "Position": {
              "X": 357.5155,
              "Y": 507.6
            },
            "Scale": {
              "ScaleX": 1.0,
              "ScaleY": 1.0
            },
            "CColor": {},
            "IconVisible": false,
            "PrePosition": {
              "X": 0.4965,
              "Y": 0.3966
            },
            "PreSize": {
              "X": 0.2903,
              "Y": 0.0602
            },
            "LeftMargin": 253.0155,
            "RightMargin": 257.9845,
            "TopMargin": 733.9,
            "BottomMargin": 469.1,
            "Tag": 228,
            "ActionTag": 1156969396,
            "Size": {
              "X": 209.0,
              "Y": 77.0
            },
            "Name": "btnreward",
            "ctype": "SpriteObjectData"
          }
        ],
        "Size": {
          "X": 720.0,
          "Y": 1280.0
        },
        "Name": "Layer",
        "ctype": "LayerObjectData"
      },
      "UsedResources": [
        "../csi/csi_1.plist",
        "../csi/csi_1.png",
        "../csi/csi_12.plist",
        "../csi/csi_12.png",
        "../csi/csi_16.plist",
        "../csi/csi_16.png",
        "../csi/csi_2.plist",
        "../csi/csi_2.png",
        "../csi/csi_34.plist",
        "../csi/csi_34.png",
        "../csi/csi_7.plist",
        "../csi/csi_7.png"
      ],
      "ctype": "GameFileData"
    }
  },
  "Type": "Layer"
}