{
  "ID": "efc0b625-72a8-4802-bf9a-cb671ca66f94",
  "Version": "3.10.0.0",
  "Name": "tips_node",
  "Content": {
    "Content": {
      "Animation": {
        "Duration": 0,
        "Speed": 1.0,
        "Timelines": [],
        "ctype": "TimelineActionData"
      },
      "AnimationList": [],
      "ObjectData": {
        "Tag": 41,
        "Children": [
          {
            "FileData": {
              "Type": "MarkedSubImage",
              "Path": "task/task_tips_bg.png",
              "Plist": "csi/csi_6.plist"
            },
            "BlendFunc": {
              "Src": 1,
              "Dst": 771
            },
            "AnchorPoint": {
              "ScaleX": 0.5,
              "ScaleY": 0.5
            },
            "Position": {
              "X": 0.0,
              "Y": 0.0
            },
            "Scale": {
              "ScaleX": 2.0,
              "ScaleY": 2.0
            },
            "CColor": {},
            "IconVisible": false,
            "PrePosition": {
              "X": 0.0,
              "Y": 0.0
            },
            "PreSize": {
              "X": 0.0,
              "Y": 0.0
            },
            "LeftMargin": -180.0,
            "RightMargin": -180.0,
            "TopMargin": -45.0,
            "BottomMargin": -45.0,
            "Tag": 42,
            "ActionTag": 1861051104,
            "Size": {
              "X": 360.0,
              "Y": 90.0
            },
            "Name": "task_tips_bg_1",
            "ctype": "SpriteObjectData"
          },
          {
            "IsCustomSize": true,
            "FontSize": 36,
            "LabelText": "get money money money money",
            "FontResource": {
              "Type": "Normal",
              "Path": "font/jellycursh_font.ttf",
              "Plist": ""
            },
            "HorizontalAlignmentType": "HT_Center",
            "VerticalAlignmentType": "VT_Center",
            "OutlineColor": {
              "G": 0,
              "B": 0
            },
            "ShadowColor": {
              "R": 110,
              "G": 110,
              "B": 110
            },
            "ShadowOffsetX": 2.0,
            "ShadowOffsetY": -2.0,
            "AnchorPoint": {
              "ScaleX": 0.5,
              "ScaleY": 0.5
            },
            "Position": {
              "X": 0.0,
              "Y": 0.0
            },
            "Scale": {
              "ScaleX": 1.0,
              "ScaleY": 1.0
            },
            "CColor": {
              "R": 251,
              "G": 225,
              "B": 210
            },
            "IconVisible": false,
            "PrePosition": {
              "X": 0.0,
              "Y": 0.0
            },
            "PreSize": {
              "X": 0.0,
              "Y": 0.0
            },
            "LeftMargin": -300.0,
            "RightMargin": -300.0,
            "TopMargin": -50.0,
            "BottomMargin": -50.0,
            "Tag": 43,
            "ActionTag": 189130000,
            "Size": {
              "X": 600.0,
              "Y": 100.0
            },
            "Name": "text",
            "ctype": "TextObjectData"
          }
        ],
        "Size": {
          "X": 0.0,
          "Y": 0.0
        },
        "Name": "Node",
        "ctype": "SingleNodeObjectData"
      },
      "UsedResources": [
        "../csi/csi_6.plist",
        "../csi/csi_6.png",
        "../font/jellycursh_font.ttf"
      ],
      "ctype": "GameFileData"
    }
  },
  "Type": "Node"
}