{
  "ID": "18c168b8-2e8c-4e4d-a86c-a5f59ee13eec",
  "Version": "3.10.0.0",
  "Name": "up_rank_node",
  "Content": {
    "Content": {
      "Animation": {
        "Duration": 0,
        "Speed": 1.0,
        "Timelines": [],
        "ctype": "TimelineActionData"
      },
      "AnimationList": [],
      "ObjectData": {
        "Tag": 300,
        "Children": [
          {
            "FileData": {
              "Type": "MarkedSubImage",
              "Path": "rank/down_bg.png",
              "Plist": "csi/csi_6.plist"
            },
            "BlendFunc": {
              "Src": 1,
              "Dst": 771
            },
            "AnchorPoint": {
              "ScaleX": 0.5,
              "ScaleY": 0.5
            },
            "Position": {
              "X": 0.0,
              "Y": 0.0
            },
            "Scale": {
              "ScaleX": 1.0,
              "ScaleY": 1.0
            },
            "CColor": {},
            "IconVisible": false,
            "PrePosition": {
              "X": 0.0,
              "Y": 0.0
            },
            "PreSize": {
              "X": 0.0,
              "Y": 0.0
            },
            "LeftMargin": -307.5,
            "RightMargin": -307.5,
            "TopMargin": -125.5,
            "BottomMargin": -125.5,
            "Tag": 301,
            "Children": [
              {
                "IsCustomSize": true,
                "FontSize": 24,
                "LabelText": "Text Label",
                "FontResource": {
                  "Type": "Normal",
                  "Path": "",
                  "Plist": ""
                },
                "HorizontalAlignmentType": "HT_Center",
                "VerticalAlignmentType": "VT_Center",
                "OutlineColor": {
                  "G": 0,
                  "B": 0
                },
                "ShadowColor": {
                  "R": 110,
                  "G": 110,
                  "B": 110
                },
                "ShadowOffsetX": 2.0,
                "ShadowOffsetY": -2.0,
                "AnchorPoint": {
                  "ScaleX": 0.5,
                  "ScaleY": 0.5
                },
                "Position": {
                  "X": 131.2195,
                  "Y": 59.68
                },
                "Scale": {
                  "ScaleX": 1.0,
                  "ScaleY": 1.0
                },
                "CColor": {},
                "IconVisible": false,
                "PrePosition": {
                  "X": 0.2134,
                  "Y": 0.2378
                },
                "PreSize": {
                  "X": 0.3252,
                  "Y": 0.239
                },
                "LeftMargin": 31.2195,
                "RightMargin": 383.7805,
                "TopMargin": 161.32,
                "BottomMargin": 29.68,
                "Tag": 303,
                "ActionTag": -639352125,
                "Size": {
                  "X": 200.0,
                  "Y": 60.0
                },
                "Name": "name",
                "ctype": "TextObjectData"
              },
              {
                "FontSize": 24,
                "LabelText": "9999999",
                "HorizontalAlignmentType": "HT_Center",
                "VerticalAlignmentType": "VT_Center",
                "OutlineColor": {
                  "G": 0,
                  "B": 0
                },
                "ShadowColor": {
                  "R": 110,
                  "G": 110,
                  "B": 110
                },
                "ShadowOffsetX": 2.0,
                "ShadowOffsetY": -2.0,
                "AnchorPoint": {
                  "ScaleX": 0.5,
                  "ScaleY": 0.5
                },
                "Position": {
                  "X": 475.65,
                  "Y": 131.0
                },
                "Scale": {
                  "ScaleX": 0.9,
                  "ScaleY": 0.9
                },
                "CColor": {
                  "G": 165,
                  "B": 0
                },
                "IconVisible": false,
                "PrePosition": {
                  "X": 0.7734,
                  "Y": 0.5219
                },
                "PreSize": {
                  "X": 0.1366,
                  "Y": 0.0956
                },
                "LeftMargin": 433.65,
                "RightMargin": 97.35,
                "TopMargin": 108.0,
                "BottomMargin": 119.0,
                "Tag": 595,
                "ActionTag": -1853727220,
                "Size": {
                  "X": 84.0,
                  "Y": 24.0
                },
                "Name": "aw_fnttype3_starNum",
                "ctype": "TextObjectData"
              }
            ],
            "ActionTag": -1226556737,
            "Size": {
              "X": 615.0,
              "Y": 251.0
            },
            "Name": "item",
            "ctype": "SpriteObjectData"
          }
        ],
        "Size": {
          "X": 0.0,
          "Y": 0.0
        },
        "Name": "Node",
        "ctype": "SingleNodeObjectData"
      },
      "UsedResources": [
        "../csi/csi_6.plist",
        "../csi/csi_6.png"
      ],
      "ctype": "GameFileData"
    }
  },
  "Type": "Node"
}